:1010000000670020613D00002DAD00004D3D000057
:101010004D3D00004D3D00004D3D00000000000032
:101020000000000000000000000000003D3E000045
:101030004D3D000000000000314000004D3D00002B
:10104000A940000009710000A9400000A94000006B
:10105000A9400000A9400000A9400000A9400000EC
:10106000A9400000A9400000056B0000A940000055
:10107000A9400000A9400000A9400000A9400000CC
:10108000A9400000A9400000A9400000A9400000BC
:10109000A9710000A9400000A9400000A94000007B
:1010A000A9400000A9400000A9400000A94000009C
:1010B000A9400000A9400000A9400000A94000008C
:1010C000A9400000A9400000A9400000A94000007C
:1010D000A9400000A9400000A9400000A94000006C
:1010E000A9400000A9400000A9400000A94000005C
:1010F000A9400000A9400000A9400000A94000004C
:10110000014B1B685B68184700000020014B1B68FF
:101110009B68184700000020014B1B681B6918479B
:1011200000000020014B1B685B691847000000208D
:10113000014B1B689B69184700000020014B1B688E
:10114000DB69184700000020014B1B681B6A184729
:1011500000000020014B1B689B6A1847000000201C
:1011600030B4044C9DF8085024680295E468A44605
:1011700030BC6047000000203F1400004514000010
:10118000471400006D1400004B1400007714000099
:101190005114000081140000571400008D14000049
:1011A0006314000067140000591400005F1400006D
:1011B0007D1400008714000030B50346114890F9F3
:1011C0001C209A4219DD90F924209A4217DA9A1AC3
:1011D000846AA05C0C4A15569D420DD00E3200293F
:1011E00018BF01309442C0B206D129B1013BDBB235
:1011F000012B01D80130C0B230BD0D20FCE700202A
:10120000FAE700BFC0030020A0C3000008B5054BEB
:1012100093F91C30984203DAFFF7CEFF024B1B56BE
:10122000184608BDC0030020A0C3000008B5184B35
:1012300093F82C20FAB9012283F82C20154A126861
:10124000A2F10800082803D813490141C90709D5AC
:10125000911F092910D9013212D04FF4DF71742087
:1012600000F034F80D4A9A62D8221A6283F82420DA
:1012700008229A611A7708BD094A0A41D207ECD4BC
:10128000084A9A62D8221A6283F824200422F0E7DE
:10129000C003002070050020DEFEFFFFDBC300005E
:1012A000EEFCFFFFAEC30000BFF34F8F0549064BB6
:1012B000CA6802F4E0621343CB60BFF34F8F00BFF4
:1012C000FDE700BF00ED00E00400FA051FB572B6AF
:1012D000134B5D6895B9FFF7E7FF2346B2FBF6F2C3
:1012E0005C1C002AF9D104AEDCB256FA83F303F891
:1012F0000C2C0A2234B901A8A847ECE702460023C7
:101300000A26EDE7631E04AEDCB256FA83F3B0FBA7
:10131000F2F602FB1600303003F80C0C3046E9E719
:10132000380500204FF08052034BD2F8301119607D
:10133000D2F834215A607047700500207BB972B929
:101340000029BEBF00204FF0004106E008BF002882
:101350001CBF6FF000414FF0FF3000F057B8ADF107
:10136000080C6DE904CE002909DB002B1ADB00F024
:10137000A0F8DDF804E0DDE9022304B07047404244
:1013800061EB4101002B1BDB00F093F8DDF804E07A
:10139000DDE9022304B0404261EB4101524263EBBC
:1013A00043037047524263EB430300F082F8DDF8D9
:1013B00004E0DDE9022304B0404261EB41017047E3
:1013C000524263EB430300F074F8DDF804E0DDE91A
:1013D000022304B0524263EB4303704753B94AB946
:1013E000002908BF00281CBF4FF0FF314FF0FF302D
:1013F00000F00CB8ADF1080C6DE904CE00F059F81E
:10140000DDF804E0DDE9022304B07047704700BF57
:1014100008B5FFF787FFBDE80840FFF707BF801A50
:1014200000F3070038B540B20D4659B21446FFF735
:10143000EDFE002328706B70204440B238BD0023BD
:10144000036070477047002070474FF0FF307047CF
:101450004FF0FF30704770474FF0FF30704700206B
:101460007047002070470023037070479DF80030DC
:101470000022FFF7D4BF4FF0FF30704700207047C5
:101480004FF0FF3070474FF0FF307047704710F853
:10149000012B11F8013B012A28BF9A42F7D0D01A3C
:1014A0007047034613F8012B002AFBD1181A0138A4
:1014B00070472DE9F0478C468E46089E1546044637
:1014C0001946002B40F0D080724547D9B2FA82F716
:1014D0004FB1C7F120030EFA07FC20FA03F3BD4019
:1014E00043EA0C0CBC404FEA154EA8B2BCFBFEF818
:1014F000230C0EFB18CC08FB00F943EA0C4399457A
:1015000028D9EB1808F1FF3204D2994502D9A8F185
:1015100002022B44A3EB0903A4B2B3FBFEFC0EFBB7
:101520001C330CFB00F044EA0344A04214D92C19EC
:101530000CF1FF3304D2A04202D9ACF102032C44D7
:10154000241A43EA02401EB1FC4000233460736059
:10155000BDE8F0874246DDE76346F1E7002A79D02F
:10156000B2FA82F3002B3FD01946C1F1200302FAF0
:1015700001F52EFA03F20EFA01FE20FA03F343EA14
:101580000E034FEA154E00FA01F4B2FBFEFCAFB2B7
:101590000EFB1C201A0C0CFB07F842EA0042904597
:1015A0005AD9AA180CF1FF3004D2904502D9ACF1F7
:1015B00002002A44A2EB08029BB2B2FBFEFC0EFB27
:1015C0001C220CFB07F743EA02439F4246D9EB1863
:1015D0000CF1FF3204D29F4202D9ACF102022B443B
:1015E000DB1B42EA004202E0AEEB020301224FEABB
:1015F000154EAFB2B3FBFEFC200C0EFB1C330CFBF4
:1016000007F840EA034398452AD9EB180CF1FF305C
:1016100004D2984502D9ACF102002B44A3EB080395
:10162000A4B2B3FBFEFC0EFB1C330CFB07F744EA31
:101630000344A74216D92C190CF1FF3304D2A74258
:1016400002D9ACF102032C44E41B43EA00400F46EC
:10165000114678E71F2188E76046ABE76246BFE79F
:101660006046DBE76346EFE7734506D916B900210C
:1016700008466DE7C6E9000EF9E7B3FA83F787B9C4
:10168000734501D3824207D8841A6EEB030301200D
:101690009C461EB900215BE73846FAE7C6E9004CD4
:1016A000F8E7C7F1200CBB4022FA0CF51D4320FAE5
:1016B0000CF12EFA0CF30EFA07FE41EA0E014FEA86
:1016C000154900FA07F4B3FBF9F81FFA85FE09FB88
:1016D00018300B0C08FB0EFA43EA00439A4502FA55
:1016E00007F240D9EB1808F1FF3004D29A4502D92D
:1016F000A8F102002B44A3EB0A0389B2B3FBF9F86B
:1017000009FB183308FB0EFE41EA03418E452CD934
:10171000691808F1FF3304D28E4502D9A8F10203FB
:10172000294443EA0040A0FB0298A1EB0E01414589
:10173000CE46434602D306D14C4504D2B9EB020E45
:1017400068EB05030138002EA4D0B4EB0E0261EB68
:10175000030101FA0CFC22FA07F34CEA0303F940F7
:10176000C6E9003196E74046C5E74346D9E70000A1
:101770001FB5094B0948198801AA00239CB2A14250
:1017800004D801A808F05FFF04B010BD30F8024B88
:1017900022F8024B0133F1E74A3D00204C3D002086
:1017A00037B50A4D6C4600228318C3F3090305EBD5
:1017B000C30301329B8824F8023B93B29942F3D8C9
:1017C000684608F040FF03B030BD00BF200900208C
:1017D000074A00231380074A1380074A1380074AE9
:1017E0001380074A1380074A1380074A1370704713
:1017F000583D0020563D00204A3D0020483D002035
:10180000463D0020443D0020CB3D00202DE9F04323
:1018100085B00C461646054608F02FFF16F17F0FDF
:1018200094F8029094F80380864648DB7E2E49DCCB
:1018300072B26068A16802AB03C3EFF31187402363
:1018400083F31288BFF36F8F1F4B1B7883BB1F4E30
:101850003488B4F5807F09D11D490B880133DBB290
:101860000B801C490B8801330B80FF24DFF868C014
:101870008DF80720BCF80030184ACDF800E08DF84C
:1018800004508DF805908DF80680EE4602EB0312A9
:10189000754603CD516004A98D421060AE4602F139
:1018A0000802F5D10133DBB20134ACF800303480EA
:1018B00087F31188BFF36F8F05B0BDE8F0836FF039
:1018C0007F02B6E77F22B4E7DF3D0020603D0020C5
:1018D000623D00205E3D0020643D0020E03D002090
:1018E0002DE9FF471E464B8815461A0A032A40F089
:1018F000E380DBB2032B4ED1EFF31184402383F35B
:101900001288BFF36F8F6E4F3B78002B33D14FF6A9
:10191000FF706C4B1B78002B3AD06B4BB3F800C0B8
:1019200004236A4903220A70694A12784A70694A94
:1019300012788A70684A1288CA70120A0A71674A55
:1019400012784A713A780AB1654A1278C87113431D
:101950008B71000A4FEA1C23087281F809C08B7250
:1019600084F31188BFF36F8F0B2331602B6000204D
:1019700004B0BDE8F08708F080FE5A4B1B68C01A1F
:10198000594B9842C3D24FF47A73B0FBF3F0C0E7DF
:101990004FF6FF7CC5E7042B24D1EFF311824021E1
:1019A00081F31288BFF36F8F50490B70504B1B7837
:1019B0004B70504B1B788B704F4B1B78CB704F4B41
:1019C0001B780B714E4B1B684B71180A8871180CF1
:1019D0001B0EC8710B7282F31188BFF36F8F09233E
:1019E0003160C3E7052B67D11022002168460AF059
:1019F00042FBEFF3118C402383F31288BFF36F8F08
:101A0000DFF800E1BEF80040002C53D0DFF8F8808A
:101A10003E4BB8F8002003EB0213E94603F1100A2D
:101A2000186859684F4603C708335345B946F7D17C
:101A30000132013CD2B2A4B2A8F80020AEF80040B6
:101A40000127334B1B88FF2B28BFFF235FFA83F846
:101A5000304B93F800908CF31188BFF36F8F1022F6
:101A60002D4800210AF007FB2B4A052302F8053C0C
:101A7000FF2C4FF0010328BFFF2402F8043C47EA83
:101A80004903A2F1050C8CF802308CF803408CF865
:101A900004805FB16B4614461A4603CA616004A90C
:101AA0008A422060134604F10804F5D1C6F800C04C
:101AB00015235BE72746C4E76FF0850058E700BFB2
:101AC000CD3D0020CC3D00205A3D00209C3D002013
:101AD000D13D0020D03D00205C3D0020CF3D0020C6
:101AE000CE3D00202029002018FCE703B03D002057
:101AF000BD3D0020BC3D0020BB3D0020BA3D002084
:101B0000F4080020603D0020623D0020E03D002000
:101B10005E3D0020DF3D00208C3D002010B500F030
:101B20000700EFF31184402383F31288BFF36F8F14
:101B30000F4A104B117811B11978814214D00E4917
:101B400018700B7801330B7001230121117084F39D
:101B50001188BFF36F8F4BB1084808F09BFDBDE8BB
:101B60001040074808F096BD0023EEE710BD00BF07
:101B7000E04D0020E34D0020E24D0020242900200C
:101B800028290020084BBFF35B8F1868BFF35B8FD9
:101B900040B1BFF35B8F054B1868BFF35B8FB0FAA2
:101BA00080F04009704700BF5829002054290020C8
:101BB0002DE9F84307460C461546FFF7E3FF0028DA
:101BC00049D028480022002307F056FC064600288A
:101BD00044D1EFF311814FF0400888F31288BFF32E
:101BE0006F8F214A2B6813606B68DFF88090536019
:101BF000AB689360012389F8003081F31188BFF34B
:101C00006F8F1B48224639460AF027FA19481849AF
:101C100000682246334609F0DAF80446A0B1EFF333
:101C2000118388F31288BFF36F8F89F8006083F304
:101C30001188BFF36F8F0B4807F0EAFB0E4808F0DE
:101C400054FD2046BDE8F883024629460720FFF7E9
:101C5000DDFD0A48F3E76FF07F04F2E76FF00F0451
:101C6000EFE700BFE4020020D33D0020D23D00207A
:101C7000A73D00205C2900202C29002030290020CD
:101C80007FB5EFF31186402383F31288BFF36F8F84
:101C90000D4D2C7844B10D4A1068516801AB03C357
:101CA0009068186000232B7086F31188BFF36F8F44
:101CB00024B1002201A90A20FFF7A8FD044804B0BE
:101CC000BDE8704007F0A4BBD23D0020D33D00200A
:101CD000E4020020013808B505281FD8DFE800F02D
:101CE000191E03190D070E48012108F0D3FCBDE8A9
:101CF00008400C48002108F0CDBC0121094808F03B
:101D0000C9FC094807F0DEFB0748BDE8084007F0BA
:101D10007FBB0348002108F0BDFCEFE708BD00BF12
:101D20005829002054290020E402002030B58BB04F
:101D3000EFF31185402383F31288BFF36F8F194CA3
:101D400023787BB9184800220023694607F00AFA75
:101D500008BB6B4603CB154A10601868516001231D
:101D600090602370242200210DF101000AF083F914
:101D70000E4A0C238DF800301368CDF805305368F7
:101D8000CDF8093068469368CDF80D3005F054FE63
:101D900008B92070D4E785F31188BFF36F8F0BB0BB
:101DA00030BD00BFBE3D002084020020BF3D0020AA
:101DB000F0B54988080A022885B0C9B214D10129B2
:101DC00040F0A8801268002A40F3A4801B68002B12
:101DD00000F0A080012A187802D0012849D1587853
:101DE000FFF79CFE002440E0032840F09380042984
:101DF0005AD11268002A40F38D801D68002D00F032
:101E00008980082A34D92B78042B00D10135434B23
:101E10000024CDE901340394EFF31186402383F3CA
:101E20001288BFF36F8F2B783D4F102B05D13D48A3
:101E300009F07EFE3C4B3C701C703B7869680133B6
:101E4000DBB28DF8073028683B7002AB03C335481E
:101E50000022002301A909F064FE044660B186F364
:101E60001188BFF36F8F6FF00F04204605B0F0BDEF
:101E7000CDD06FF01504F8E72B78102B0DD12B4B3C
:101E800001221A702A4B6A781A702A4B9DF8072093
:101E90001A70294B1870294B186086F31188BFF30C
:101EA0006F8FFFF743FFE0E703299BD0052931D16E
:101EB000116800292EDD1A6862B31429137802D93B
:101EC000052B08BF5378EFF31182402181F312886C
:101ED000BFF36F8F022B11D0032B13D0012B14D122
:101EE000174900230B8017490B8017490B801749AE
:101EF0000B8082F31188BFF36F8F73E7144B0121BE
:101F00001970F6E7124B0021FAE782F31188BFF34C
:101F10006F8FAEE76FF08504A7E700BF5A0302009A
:101F2000B93D002084020020BE3D0020BD3D0020C0
:101F3000BC3D0020BB3D0020BA3D0020F40800203D
:101F4000643D0020623D0020603D00205E3D002099
:101F5000DF3D00201FB50446002201460023114842
:101F600009F0DFFDE0B1104808F0BFFB21466FF03B
:101F70001B020320FFF74AFC0A480022002301A9A4
:101F800007F0F0F850B9074800220023214609F075
:101F9000C8FDB0FA80F0400904B010BD0020FBE796
:101FA0000120F9E7AC020020342900202DE9F04798
:101FB00003788AB023B90AB0BDE8F047FFF7B6BE90
:101FC000022B40F05681AC4FAB4805F0DFFD0446D4
:101FD0000028F0D1A94808F088FB97F90210A8481A
:101FE00008F058FB3B780C2B03D0A64808F07DFB8B
:101FF000EAE7A54A1068516804AB03C3906818600B
:1020000008F03BFB0146A14808F044FB9DF8103066
:10201000A52BEAD19DF81130032BE6D19DF81230A3
:10202000132B1ED1EFF31183402282F31288BFF3EA
:102030006F8F974A9DF814101170964A9DF81510ED
:102040001170954A9DF816101170944A9DF817105A
:102050001170934A0699116083F31188BFF36F8F53
:10206000B2E7042B41D19DF81430642BBDD89DF804
:102070001530042BB9D8BDF81630A3F52F639BB2E9
:1020800040F2DC529342B0D89DF81930D907ACD554
:102090000F2BAAD89DF81A309DF81B201343A4D10A
:1020A000EFF31184402383F31288BFF36F8F7D4BCE
:1020B0009DF814201A707C4B9DF815201A707B4BEC
:1020C000BDF816201A807A4B9DF818201A70794BAB
:1020D0009DF819201A7008F0D0FA774B1860774BEA
:1020E00001221A7084F31188B8E7032B60D19DF8A0
:1020F0001430032B58D1DFF8C88198F80030002B3A
:1021000050D002A96F48029408224C6009F0BBFF2E
:10211000051E18BF01256C4E337853B100236B4860
:1021200008226946CDE9003309F0ADFF041E18BF4F
:102130000124674A00231370664A88F80030137040
:10214000654A33701370654A13705E4A13605360BA
:102150005E4A13605360EFF31182402181F31288CD
:10216000BFF36F8F55490B7052490B7050490B707C
:1021700051490B6082F31188BFF36F8F35B1584A14
:10218000099307A8CDE90723FFF7E4FE002C3FF4ED
:102190001BAF544A002307A8CDE907230993FFF793
:1021A000D9FE11E72546B6E7022B3FF40DAF1CE739
:1021B000224604A90120FFF729FB9DF812A0BAF1DD
:1021C000010F2CD13E4DDFF8FC902B78DFF8008119
:1021D000414E63B39DF81320337849469A4205A8CF
:1021E0004FF0080208BF98F8004009F04CFF003893
:1021F00018BF0120AAF1100ABAF10F0F19D9C0B9FE
:102200009DF8132033789A4213D194B9364808F0D8
:102210006CFA04A922460420FFF7F8FAD4E62A4D06
:10222000DFF8A8902B78DFF8AC802C4ED1E70120A6
:10223000E0E704A8FFF78EFE98B104A9022000226F
:10224000FFF7E4FA01232B709DF81330337000235D
:1022500088F8003005AB03CBC9F80000C9F80410BA
:10226000B2E601239DF813202B70327088F80030FD
:10227000AAE60AB0BDE8F087FA4D00204C290020FC
:102280004029002048290020FF4D0020502900202F
:10229000BD3D0020BC3D0020BB3D0020BA3D0020DC
:1022A000F4080020D13D0020D03D00205C3D0020FE
:1022B000CF3D0020CE3D002020290020CD3D002034
:1022C000F94D0020EE4D0020F84D0020E64D002095
:1022D000F74D0020F64D0020E54D0020E44D002094
:1022E000A5030100A5030200442900202DE9F04FB9
:1022F00095B00023CDE90433069308F022FF8D4BFF
:1023000018708D488D4C06F033FD206078B18C4BF1
:102310008C49AC2202F0C6F9206808F04EFD18B9CD
:10232000894800F099FF28B115B0BDE8F08F6FF033
:102330001200F9E7854940F201130B8001240825BA
:102340000C224B820846824B0C728D724A744B6091
:1023500005F068FAA8B97F4805F0E0FC88B97E4826
:1023600005F0F6FC68B97D48294605F009FD40B93D
:102370005A2005F02BFD20B905F052FC002800F092
:102380009E8001467648DFF8DC91002408F082F94F
:10239000A046019426462746FFF7C8FCBFF35B8F93
:1023A000714A002352E8001F012903D142E800309E
:1023B0000028F7D1BFF35B8F55D1EFF31182402195
:1023C00081F31288BFF36F8F6849097821B9684B90
:1023D0001B6AB3FA83F35B0982F31188BFF36F8F33
:1023E000002B40D00023CDE907330993EFF311828E
:1023F000402383F31288BFF36F8F5E4B1D78002D4F
:1024000060D05D495D4B91F800B04A491B780D786A
:102410004FF0010A029382F31188BFF36F8F2422D9
:1024200000210DF1290009F026FE0C22029B8DF8F7
:10243000282040F25A328DF81F30ADF81C208DF85C
:102440001EA08DF820B08DF821A08DF8225007AB8A
:1024500003CBCDF82D001868CDF835000AA8CDF8CB
:10246000311005F0E9FA08F008F999F80030444A0B
:10247000054623B11368C31AB3F57A7F44D31560B8
:10248000EFF31183402282F31288BFF36F8F3D4A2E
:10249000127802923C4A10783C4AB2F800A083F3CA
:1024A0001188BFF36F8F029B3949002B00F0958193
:1024B000032800F29281DFE800F0750975093548BC
:1024C000214660E7AB462B46AA46A3E799F80030C1
:1024D00013B10B78834213D0FFF77AF9EFF311832E
:1024E000402282F31288BFF36F8F2B4A00251570AC
:1024F0002A4A4FF6FF75158083F31188BFF36F8F5B
:10250000012389F800300870FFF73CFB05460028DE
:1025100040F070812248002200230AA906F022FE22
:10252000002800F060812120002109F0BDFC002678
:102530002F4631E7E14D0020A0C500005C290020B6
:1025400028C4000087C60000D51C0000040000203D
:10255000AD1F000083C600007FC6000077C60000E4
:1025600038290020863D002028290020BE3D00207B
:1025700084020020E04D0020E34D0020E24D0020C9
:10258000F0080020CD3D0020D03D00205C3D002023
:10259000F40100203C290020CC3D00205A3D0020C1
:1025A000AC02002099F8003033B10B7803F0FD0342
:1025B000012B01D1FFF70CF9DFF8ECB20870012311
:1025C00089F800309BF800303BB1B84BB84A1B6823
:1025D000EB1A934201D9FFF7FBF8B64B1B883BB1CE
:1025E000FFF7C6F8AAEB0000192801DDFFF7F0F8A5
:1025F000B149B24A0B88B24842F8335002EBC302E9
:102600000133C3F309030B80AE49A2F804A00A8882
:10261000B2F5806F3EBF013292B20A80A3490D60CD
:10262000A94D01218BF80010298820F811A0013153
:102630000520B1FBF0F000EB8000091A9D482980CD
:10264000018804299CBF01310180072A14D8002386
:102650004FF6FF700293EFF31183402282F312884A
:10266000BFF36F8F994A02991080994A117083F3D2
:102670001188BFF36F8F47E703F2FF31C1F3090100
:10268000DFF838E2DFF84CA25EF831B0991A89B26F
:102690000D460120C5F3090C5EF83CC0ABEB0C0CF9
:1026A000D44540F2818000F1010C1FFA8CFC013509
:1026B0009445ADB276D1151AADB2092D77D8012D5A
:1026C000C5D96D080144C5EB550E01EB55017344A6
:1026D000DFF8E8C10392C1F30901C3F309035CF811
:1026E00031105CF833309942B1D2A3EB010B7A4B35
:1026F0009B45ACD92946FFF753F8039A8246501BF5
:10270000294680B2FFF74CF8AAEB000ABAF1040F91
:102710009DDD72485A4600238AFB0001FEF70EFE3B
:10272000002894D06E496F4A0B8842F82300013389
:102730000922B3FBF2F202EBC2029B1A0B806A4B36
:1027400068491D88082D9CBF0135ADB24FEA85024E
:102750000AA898BF1D8009F080FC0AAA01218BB24B
:102760009D4226D86D0814AB03EB850555F8285C0F
:10277000002D7FF76CAFFEF7FBFFA0F6EA300028D4
:102780007FF765AF6421EB172A4680FB0101FEF756
:10279000D5FD03464FF6FE70834271F10001B8BFCC
:1027A00098B258E7604675E7013880B283E70425A0
:1027B00088E752F804CF104650F804ECF44505DAE7
:1027C000013B9BB240F804E9002BF5D114A800EBC3
:1027D0008303013143F828CCC1E7002389F8003096
:1027E000FF230B7090E66FF07F020AA90620FFF727
:1027F0000DF88FE6B7B90DF1280A3C4800220023F6
:10280000514606F0AFFC002838D19AE8070004AB27
:1028100083E807009DF82A809DF82C309DF82D4014
:1028200001933E46B8F1010F2CD1019B8DF8143075
:102830008DF8154005AB03CB8DF81C80CDF81D003D
:10284000CDF821108DF8128004AA09211846FFF74F
:10285000AFF9024600284BD076B910F1100F019B5A
:102860008DF8128004A914BF092008208DF81430B7
:102870008DF81540FEF7CAFF2E46374607F0F6F9E9
:102880003D4655E602238DF81C30019B8DF81D3026
:102890008DF81E408DF812808DF814308DF815409B
:1028A00004AA032107A8D2E7CB3D0020F8080020A6
:1028B000009749014A3D0020563D00202009002094
:1028C0004C3D0020583D0020483D00205A3D00204E
:1028D000CC3D002080EE3600DF930400808D5B004D
:1028E000443D0020FC080020463D0020AC020020B2
:1028F0000646C2E780B505460E461746984607F0DD
:1029000051FA034601F0E2FBDFF81890044649F85B
:102910000030424630463946A84754F8090001F0D5
:1029200071FB00BF080000002DE9F047058B04464D
:10293000280717460CD501290CBF45F0100545F0B6
:102940002005258387F31188BFF36F8FBDE8F087DB
:10295000022905F0070540F09480204608F074F83D
:10296000052864D801A353F820F000BF45290000D2
:10297000832A00002F2A0000F12900000B2A000002
:102980001D2A000001F007035A1F012A1FD8002248
:1029900021F00701062BD4F8008089B2C4E9002297
:1029A00009D1434603E0628B013262831B68002B2E
:1029B000F9D141F002012183204608F045F84FF09B
:1029C000000900286DD041F02001218369E0042B2B
:1029D0000AD121F0070189B22183204608F034F89A
:1029E00010B141F0200121834FF00008C14658E0AA
:1029F0002369D3F80090238B23F0070343F00603E9
:102A000023834FF0000846464BE02369D3F8049037
:102A1000238B23F0070343F00403F1E72369D3F882
:102A20000890238B23F0070343F00503E8E74FF0FA
:102A30000008C146E7E7012243F00803238387F338
:102A40001188BFF36F8F002A3BD1B8F1000F4AD134
:102A5000B9F1000F02D02D492046C847EFF3118786
:102A6000402383F31288BFF36F8F238B23F0080377
:102A70009BB22383D9063FD523F01002228303F0B3
:102A800007056669218B002EBFF67CAF0023D4F8C2
:102A9000008021F00701C4E9003341F001012183E6
:102AA0009946238B03F0070AAA4502D0A268002AA0
:102AB000C1D1B8F1000F02D1B9F1000FDAD0002274
:102AC000BAE7A1680029C0D00D680029BDD04F68C1
:102AD000334652462046B8471DB12B6829461D464D
:102AE000F3E72B46FAE74146334652462046D8F8EC
:102AF000008007F0D5FFA8E79A067FF523AF23F003
:102B00002002228303F0070527E700BFCDAA0000BB
:102B1000014B03600020704740C40000F0B40D4B2F
:102B20000D4E5F6A0D4BB34203D36FF08500F0BCCE
:102B300070475C68BC420AD31D6945B194F802C075
:102B40008488E4B2A44502D12B46F0BC1847243354
:102B5000E9E700BF60290020BC03002098030020A3
:102B60002DE9F047144CDFF85480DFF85490054607
:102B70000E461746444503D36FF08500BDE8F08745
:102B80006268D9F824309A4213D3A3698BB1A9881B
:102B90009078C9B2884205D13A4631462846BDE808
:102BA000F04718475279012A03D13A463146284660
:102BB00098472434DEE700BF98030020BC030020C0
:102BC0006029002010B5044608F041F910F1780F93
:102BD00000D050B9054A204608F041F8D2F8C43078
:102BE00023EA0003C2F8C430002010BD6029002091
:102BF0002DE9F04105460E46174600F017FE38B99C
:102C00000E4CDFF83C8044450CD36FF0850007E0A4
:102C10003A463146284600F0F3FD0028F0D1002066
:102C2000BDE8F08163690BB92434ECE73A463146DC
:102C3000284698470028F7D1F1E700BF9803002005
:102C4000BC030020024B00221A605A60704700BF8C
:102C50001B2A002070B50B4B0B4CA34201D3002064
:102C600070BD196A1E7F00220439D5B2AE4201D868
:102C70002433F2E7013211F832508542F5D10120B8
:102C8000EEE700BF98030020BC03002073B58488E2
:102C9000E4B263060D468DF8074007D02046FFF7E3
:102CA000D9FF78B10D4B93F8BA0058B10B4E2046BE
:102CB00055B102F0D1F8F3691BB10DF107010820FD
:102CC0009847012002B070BD02F0EEF8F369002BC6
:102CD000F7D00DF107010920F2E700BF60290020BD
:102CE00008B509480378C3F341130A3350F8233079
:102CF0003BB100F1080200F110019847C043C00F3A
:102D000008BD1846FCE700BF6029002004282DE913
:102D1000F14FDFF8989004460F4616D001282DD1C8
:102D2000DFF88C8098F8B93043B300F019FD214DDD
:102D30004D4520D2D5F820B04FF0000A2B7F5FFA26
:102D40008AF6B34204D82435F2E7FFF77BFFE7E7C2
:102D50000BEBC6060AF1010A307908F078F8024652
:102D6000307907F07CFFD8F8C430002A23EA00034A
:102D7000C8F8C430E2DA002388F8B9300D4D4D456B
:102D800008D30B4B1B6A6BB13946204601B0BDE836
:102D9000F04F1847EB681BB13A4621462846984742
:102DA0002435ECE701B0BDE8F08F00BFBC03002084
:102DB000602900209803002073B586788DF80060A4
:102DC000037942791C4C43EA0223ADF80230C37800
:102DD000304603F003038DF8043007F040FFD4F8C9
:102DE000C430184205460BD0304600F09BFC3046FC
:102DF000FFF7E8FE08F0BAFF10B9962006F0B4FF1E
:102E0000684602F005F810F1780F03D010B10020E9
:102E100002B070BD9DF8000002F082F810F1780F4A
:102E200001D00028F3D1D4F8C43001202B4384F81A
:102E3000B900C4F8C430EBE7602900202DE9F04761
:102E400004460E46174600F0C5FCA8B1A64DAB6976
:102E500063B9207800F01F0001287BD0022800F021
:102E6000E28058B16FF01500BDE8F0873A46314670
:102E7000204698470028ECD10020F5E794F900207F
:102E80006378002A28DA062B09D0082B3A681ED06E
:102E9000002BE7D15370012313700223FEE06388F7
:102EA000190A0A1F012A8C46DCD90729DAD8DAB2B6
:102EB0006B6A1C78002CD5D05D78654503D18242C1
:102EC00000F0E78001302344F3E71B78E6E095F853
:102ED000BA3013700123E1E0052B16D0092BC1D1C4
:102EE000638833B1FF276E6AB8463378A3B90028E8
:102EF000B8D0FFF7A7FE638885F8BA30EB69002BDE
:102F0000BAD07A4903209847B6E76088C0B201F08A
:102F10006DFF0028B0D0A5E77378042B0DD0052BEA
:102F20000ED0022B06D177796388BB4208BF40F0F0
:102F30000100C0B233781E44D7E796F80380F9E762
:102F40006388BB42F6D1B8F1000FF3D13046FFF7EA
:102F500033FFEFE795F8BA30002B83D0A188D5F87E
:102F600024805FFA81FC43461A78002A3FF47AAF46
:102F70005878022804D193F804E0E64500F29080E6
:102F80001344F1E713705370306075E7984494E090
:102F90000B2B7FF467AF0026FF27B946B24608E047
:102FA00098F80130042B11D0052B21D098F800306F
:102FB000984498F80030002BF2D1EB6913B15146D8
:102FC00007209847002E7FF457AF4BE798F8027020
:102FD000A38898F803909F42E8D163889945E5D18A
:102FE000072F1DD8EB19C24683F8BB900126DDE7F9
:102FF000A388BB42DAD16388DBB24B450BD098F88B
:103000000260304600F08EFB3046FFF7DBFDB0FA81
:1030100080F67609CAE74046FFF7CEFE0646C5E7CA
:10302000C2460026C2E794F900206378002A1ADA23
:10303000002B7FF417AFA3885FFA83F85B060AD0F2
:103040004046FFF707FE00283FF40CAF95F8BA3072
:10305000002B3FF407AF3C684046214601F044FF97
:103060000023637019E7012B08D0032B7FF4FAAE1D
:103070006388002B7FF4F6AE012103E0618800290C
:103080007FF4F0AE2046FFF701FE00287FF4F4AE97
:10309000E8E602293B607FF418AF5B883360EBE61B
:1030A00094F900206378002ABFF672AF3A68002BCB
:1030B0003FF468AF0A2B7FF4D5AE98F80030002BB0
:1030C0003FF4D0AE98F8010004287FF45FAF98F881
:1030D000020081427FF45AAF072996BF49190023A5
:1030E00091F8BB30F5E600BF602900201A2A0020C5
:1030F00013B5164C237DF3B9E268A168019201ABC8
:10310000802007F0BAFD019AA3681344A360E36826
:103110009B1AE3606BB962B12369E2889A4208DDC9
:1031200094F8C82093FBF2F102FB11330BB9012391
:10313000237502B010BD00231A461946802023755E
:1031400002B0BDE8104001F015BF00BF60290020AB
:1031500030B585B0002302460D460193002858D1B2
:10316000002935D108220B460DEB020107F088FE3D
:10317000002804DA802001F06FFE05B030BD2A4C33
:10318000029A2260039A626004F13802A2609DF9FB
:103190000820BDF80E302575002AC4E903550ADB66
:1031A000802B04D9802001F057FE0020E3E713B103
:1031B000C4E90333E1E7FFF793FD0028DAD0E288A2
:1031C00023699A42D4BFE260E360FFF791FFD4E73E
:1031D000154CD4E90215002D01AB04DC07F050FEBC
:1031E0000028CADAC6E72A4607F04AFE0028D9DBDB
:1031F000019AA3681344A360E3689B1AE360002B61
:10320000BBD104F13803A360FFF76AFD0028DCD1CD
:10321000B0E78028B1D1044BDA68002AD5D11B7DF4
:10322000002BD2D1A9E700BF60290020054B064A38
:103230009A62064ADA62064A1A63064A58629A6134
:1032400000207047602900203D2E00001D2B00004B
:10325000F12B0000612B00002DE9F3410446454DA0
:1032600045484FF0FF334FF0FF3205F0DDFF95F892
:10327000B830002B78D16E6A76B900F0CBF8FFF742
:10328000D5FF6E6A46B94FF0FF343B4806F03EF872
:10329000204602B0BDE8F08138482C62E86101F0B8
:1032A0007DFF01F075FD041EEFDB00F07BFA041ECC
:1032B000EBDB7378012B5AD1F379002B57D0002622
:1032C000684685F8C830ADF802308DF804608DF896
:1032D000006001F09DFD041ED7DB802768468DF855
:1032E000007001F095FD041ECFDB2549304601F04A
:1032F00041FF041EC9DB2249384601F03BFF041E92
:10330000C3DB204CDFF8808044451AD3002001F055
:1033100007FE041EB9DBD5F8C430802043F001035A
:10332000C5F8C43001F0FCFD041EAEDBD5F8C43096
:1033300043F48033C5F8C430012385F8B830002445
:10334000A3E7276A0026227FF3B29A4201D82434E9
:10335000DAE707EBC30257F83310107901F00AFFE0
:1033600001360028EFD08EE76FF077048DE76FF01D
:1033700015048AE760290020700200200D2D00004E
:103380005131000098030020BC03002030B51F4BD2
:103390008BB005AA03F1100518685968144603C4D8
:1033A0000833AB422246F7D11B78237001AC1022C0
:1033B0000021204608F05FFE12220021144808F088
:1033C0005AFE1021204607F09CFE00281ADD08282E
:1033D000B8BF082009380E4A0444002114F8013F00
:1033E0000AA800EB131003F00F0328336B440131DC
:1033F00010F8140C13F8143C10700829537002F1E3
:103400000202EBD102480BB030BD00BFA6C50000E0
:10341000204E00202DE9F04F724B93F800B087B09A
:10342000BBF1000F03D0704807B0BDE8F08F6E4CC1
:1034300000264FF0011AB0463546B14623783BB915
:103440006A4B02349C42F3D1664A01231370EAE7C7
:103450006378052B05D8DFE803F08F07038F1F3B48
:10346000A14623781C44E9E7402304A88DF810B056
:10347000ADF812308DF814B007F0D5FC40B1082338
:1034800004A8ADF8123007F0CEFC08B1ADF812B0C8
:10349000BDF81230E371E4E7E378002BE1D1A378C3
:1034A0006BB108F101085FFA88F8DAE76B689C42B3
:1034B00007D024354E4B9D42F8D30020B4E74D4D44
:1034C000F8E7AB68002BECD0414620469847E8E788
:1034D000002DF2D000222B7F9A42EED2296AA078EA
:1034E00001EBC2010B79984244D10127E07800F04A
:1034F00003008DF81400207994F805C040EA0C20F0
:10350000ADF8120094F902000028FBB228DA07F1A6
:1035100010004FF0010C0CFA00F010EA0A0F26D14F
:1035200043F080008DF8100004A8CDE90213019249
:1035300007F079FCDDE90121039BC0B99DF810205B
:10354000A27012F0800F18BF10330A7118BFDBB2DF
:103550004FF0010214BF9A40BA404AEA020A80E7DB
:103560000120B84010EA0A0F01D11846DAE7013706
:10357000102FBBD10132AEE7032E1AD1FFF706FFA1
:10358000074650B1FDF78DFF024630B11028A8BFA5
:1035900010223946A01C08F060FD23786FF002016C
:1035A0001A19091B04EB5303D14213D50136F6B2A5
:1035B00057E7002EF1D1B9F1000F3FF47EAFA4EB35
:1035C000090389F80230C3F3072389F8033089F827
:1035D0000480EBE702F801BC13F8010902F8020DC0
:1035E000E2E700BF1F4E00200403002095030020E7
:1035F000BC0300209803002010B5094B00211A4697
:103600001C78844204D15C6814B102EB811010BDB7
:103610000131042903F14003F2D10020F7E700BF94
:103620002C2A00202DE9F34150F8283C10F82C6C8E
:10363000103304460AD1036950F8202C980736D578
:10364000D2B9590715D5002344F8283C54F8283C32
:1036500010330BD054E9077554F8148C08F086FB2E
:1036600000284FD02E48214608F070FB02B0BDE87C
:10367000F08143F00403236154F8241C01AB30466D
:1036800007F0FBFA10B16FF01503DDE7019A54F86B
:10369000243C134444F8243C54F8203C9B1A44F83E
:1036A000203C54F81C3C134444F81C3CCEE754F82E
:1036B000241C01AB304601F0D3FC0028E3D1019D6E
:1036C00054F8243C2B4444F8243C54F8203C5B1B25
:1036D00044F8203C54F81C3C2B4444F81C3C002D7E
:1036E000B1D0304601F060FDB5FBF0F303FB10559F
:1036F000002DA8D154F8203C002BA4D0304601F076
:10370000F7FCA3E744F8180CA4F1100005F080FEC4
:10371000002DABD0424639463046A847A6E700BF49
:10372000B007002010B5EFF31184402383F3128813
:10373000BFF36F8FFFF760FF50B14368103307D1BD
:103740006FF08B03436000F12C01044808F0FEFA8F
:1037500084F31188BFF36F8F10BD00BFB007002046
:10376000F8B50E4C04254027EFF3118687F3128835
:10377000BFF36F8F6368103307D16FF08B03084876
:10378000636004F12C0108F0E1FA86F31188BFF3BD
:103790006F8F013D04F14004E6D1F8BD2C2A0020D2
:1037A000B007002038B5094C00250949204608F02B
:1037B000B1FA0122A4F110001146013508F08CFA8B
:1037C000042D04F14004F0D1002038BD582A002017
:1037D0002536000010B5094B1C6864B14388180AEF
:1037E000032808D1DBB2EE2B05D123681360636890
:1037F0000B60002010BD6FF08500FBE72C2B002034
:1038000030B5094B1B6863B145781C7AA54208D1D5
:103810008088042805D1D86810601B690B600020DF
:1038200030BD6FF08500FBE72C2B0020024B1868A1
:10383000003818BF012070472C2B0020014806F0EB
:10384000A1BD00BF40C4000038B5044618B90F4BF5
:103850000F485B6898476168B1F5683F10D0B1F5D3
:10386000680F0DD00B4DA9420AD011F46861206891
:1038700007D00146084808F005F900232360656079
:1038800038BD142208F0F7FBF9E700BF74010020EF
:10389000B7C500002C5F5CA93030002008B520B30C
:1038A0004368B3F5683F10D101220368BFF35B8F13
:1038B00053E8001F002903D143E800200028F7D176
:1038C000BFF35B8F0DD1002008BD094A93420AD097
:1038D00000684FF0FF324FF0FF3305F0A5FC0028E1
:1038E000F1D00448F0E70448EEE76FF4E040EBE77E
:1038F0002C5F5CA9E98FFFFFEA8FFFFF08B5D8B105
:103900004368B3F5683F10D100220368BFF35B8FB3
:1039100053E8001F012903D143E800200028F7D114
:10392000BFF35B8F0BD1002008BD074A934208D03C
:10393000006805F0EBFCF6E76FF4E040F4E70348BD
:10394000F2E70348F0E700BF2C5F5CA9E98FFFFFB7
:10395000EA8FFFFF10B5044618B91D4B1D485B6880
:1039600098476368B3F5683F2FD0B3F5680F2CD044
:10397000194A934219D1236803BB18484FF0FF320C
:103980004FF0FF33214605F05BFB08B923681BB9F4
:103990000F4B13485B68984720681422002108F0F9
:1039A0006AFB4FF46863636008E0B3F5680F0DD8F5
:1039B0003A2B03D040F6BA629342DED1206808F079
:1039C000F9F8636843F03A03636010BD054AF3E712
:1039D00074010020B7C500002C5F5CA930300020C6
:1039E000DDC500003A00003A08B506490648402304
:1039F000142208F03AF8BDE808400449044806F0EB
:103A000033BD00BF302B00203030002048C4000000
:103A10005CC4000008B50348034A0021121A07F0ED
:103A200077F908BDC0030020E45000200748084A89
:103A3000084908B5121A07F06DF90748074A0849FE
:103A4000BDE80840121A07F065B900BF0000002069
:103A5000BC03002050C70000000000200000002030
:103A600050C7000030BFFFF7FDBF00BF2DE9F04198
:103A70000B4EDFF8308006EB0807CC1B05463246BC
:103A80000949204608F0E9FAA01942460021083CFD
:103A900008F0F1FA2C6707F10800BDE8F08100BFDB
:103AA000000000000400000094C3000070B5264B25
:103AB00015469A6A12F0100F9A6A14BF1124102446
:103AC00012F0080F9A6A18BF1224920706460AD508
:103AD000586B9A6A140634D519B19A6A22F080029A
:103AE0009A62132401E06FF01500174B9A6A12F0E6
:103AF000010F9A6A18BF142412F0200F9A6A18BF97
:103B00001524D20602D49B6A9B070AD50E4B5B682C
:103B1000190506D5314600F02BFA10B180F309885B
:103B20000224094B9A6A920642BF5A6A22F4005252
:103B30005A629A6A42F0FF029A6200232B70204672
:103B400070BD6FF01500CCE700ED00E0134B9A6AF2
:103B500012F0007F9A6A14BF1E201D2012F0807F91
:103B60009A6A18BF1F2012F4002F9A6A18BF2120EA
:103B700012F4802F9A6A18BF222012F4003F9A6A2A
:103B800018BF232012F4803F9A6A6FEA02426FEA5C
:103B900012429A6218BF2420704700BF00ED00E077
:103BA00010B5184B0246986A9C6A10F4805F14BFE7
:103BB0001720162014F4006F9C6A18BF1820A40563
:103BC00008D5986A000404D51AB19A6A22F4004212
:103BD0009A6219200B4B9A6A12F4806F9A6A18BF86
:103BE0001A20D2050CD49B6A13F4005F18BF1C2066
:103BF000044A936A43F47F43936200230B7010BD21
:103C00001B20F5E700ED00E0F0B5494B5B688BB099
:103C10000446C3F30803002585F31188BFF36F8FB3
:103C200002F07F40B0F17F4F11D102F00C00082864
:103C30000DD010074CBF0C4601250022033B8DF828
:103C40000720032B05D8DFE803F024686C652C46B9
:103C5000F3E700239DF80720CAB902AE04F120075C
:103C600020686168324603C20834BC421646F7D168
:103C7000099A002D59D0C2F3080121B96FEA5222E6
:103C80006FEA4222099202A9184607F045F80BB0E4
:103C9000F0BD274BDA6A9107DBD4DA6A002AD8DB59
:103CA000DA6A5200D5D55A69A16942F480725A6124
:103CB000BFF34F8FBFF36F8F31F8022C596921F496
:103CC00080715961BFF34F8FBFF36F8F02F47F4351
:103CD000B3F55F4F04D1D2B2022A01D12368B9E70C
:103CE000134B9A6AD2B23AB10DF107020121204674
:103CF000FFF7DCFE0346ADE79A6A12F47F4F05D06A
:103D00000DF107010120FFF74BFFF3E79B6AB3F5C5
:103D1000803F9ED3FFF71AFFECE70DF10702002169
:103D2000E5E70DF107010020EDE76FF30802A9E7D1
:103D300000ED00E0044B5A6942F010025A615A69E2
:103D400022F008025A61704700ED00E0EFF30880AE
:103D5000EFF3098101B57246FFF756FF01BD00BFC1
:103D6000002080F31488BFF36F8F0F4880F308881A
:103D700004F03CFB00200D490860BFF34F8F00F0BA
:103D80002BF8402080F3118809484FF40461401853
:103D900080F30988EFF314800221084380F314882C
:103DA000BFF36F8F00F0B4F80067002094ED00E0DF
:103DB000405500200749D1F890200023C2F3072284
:103DC0001846934200DB7047C1F89830C1F8A00054
:103DD0000133F6E700ED00E008B572B6002383F387
:103DE0001388FFF7E7FF144B4FF0FF32C3F8802032
:103DF000C3F88420C3F88820C3F88C20C3F890202F
:103E0000C3F89420C3F89820C3F89C20C3F88021FD
:103E1000C3F88421C3F88821C3F88C21C3F890210A
:103E2000C3F89421C3F89821C3F89C2162B6BFF36C
:103E30004F8FBFF36F8F08BD00E100E01EF0040F4D
:103E40000CBFEFF30880EFF30980816911F8021CC1
:103E50000229FFD001B5724606F064FF01BD00BF24
:103E600040B2002807DB044A4109012300F01F008B
:103E7000834042F82130704700E100E040B2002862
:103E80000CDB4309064900F01F0020330122824069
:103E900041F82320BFF34F8FBFF36F8F704700BFF0
:103EA00000E100E0054B420900F01F0053F822201A
:103EB000012303FA00F01040704700BF00E100E06A
:103EC00040B2D30754BF023100210028ACBF00F13B
:103ED0006040074A4FEA4113ACBF00F5614000F073
:103EE0000F00DBB2B4BF135480F80033704700BF3B
:103EF00014ED00E0044B054A23F07F039360BFF309
:103F00004F8FBFF36F8F70470010000000ED00E08F
:103F100008B5FFF7EFFF074AD2F8883023F47003A3
:103F2000C2F88830FFF776FDFFF780FD00F0B0F8AB
:103F300005F00AF800ED00E042F8203C009B42F852
:103F40001C3C0A49019B42F8183C029B42F8143C75
:103F500021F001014FF0807342F8043C42F8081C44
:103F60000023203A02654367704700BFF528000030
:103F7000094A0346906870B113F1160F006E05D020
:103F8000A0F14002934205D3834203D2814228BF6D
:103F90000020704700207047F03C002008B515460F
:103FA0000B4A0C4B9060026F1A600E4600F0A0F8AE
:103FB0002C4686F309880020034B984720460021B1
:103FC00000220023014C204749AD0000F5280000E5
:103FD000F03C00204C300020014B10221A61704749
:103FE00000ED00E0054B5A699B689A421FBF044AE6
:103FF000536843F080535360704700BFF03C00208B
:1040000000ED00E0084B9B6883420BD1EFF3058382
:1040100043B1064B5A6842F080525A605A6A22F401
:1040200000425A6205F0C4BEF03C002000ED00E002
:1040300014498A684FF030001044EFF3098C80E88F
:10404000F01F402080F31288BFF36F8F0E4F4FF0A8
:1040500000664A698A603E60106F0C4C2060506FA9
:104060000023536780F3118804B5104600F040F830
:10407000BDE8044002F1300090E8F01F8CF309889D
:1040800070470000F03C002004ED00E04C300020C0
:10409000044800234021C2180133302B82F800135A
:1040A000F9D1704700E100E008B5EFF30583064A57
:1040B000103B02EBC30152F8330049688847BDE862
:1040C0000840FFF78FBF00BFBCC100000148006877
:1040D000704700004C300020024B034A0348012186
:1040E00000F076B800000420000000206CC400003E
:1040F000036E054A403B1360044B4021C2E90113A3
:104100001046012100F06EB85030002000000B1561
:10411000084AC2F898000B6823F01F03034343F0DA
:104120001003C2F89C308B6843F00103C2F8A03042
:10413000704700BF00ED00E02DE9F043DFF860803C
:1041400085B00E461F4604464FF00009B14523DAFC
:104150006068D8B13FB1411E08421BD11F2819D950
:104160002368194216D12368019306F010FEA36854
:1041700003430393D8F89050C5F30725D0B2013D0F
:10418000A84207D801A9FFF7C3FF421C09F10109A2
:104190000C34DBE76FF01502104605B0BDE8F08384
:1041A00000ED00E0044B0522C3F89420BFF34F8FCD
:1041B000BFF36F8F704700BF00ED00E0BFF35F8F6C
:1041C000024B0022C3F89420704700BF00ED00E0CE
:1041D00010B5034C01232278FFF7AEFF207010BD0D
:1041E000324E002008B50B4A00231278FFF7A4FFD7
:1041F00010F1160F07D0084A0021D2F89030C3F30F
:104200000723984200DB08BDC2F89800C2F8A0104E
:104210000130F2E7324E002000ED00E02DE9F043DE
:104220005A4B5B4DD3F890302C68C3F307239C4264
:1042300085B000F2A780FFF7C1FF00200C26844262
:104240001AD1544EDFF8449134706846FEF760FC92
:10425000514C524D80460027B84514D133784B4914
:104260000020D1F89020C2F307229342C0F284804C
:10427000FFF798FF002045E0696806FB0011FFF793
:1042800047FF0130DBE7009800EB07114FEA071CFE
:10429000CB682340B3F5000F4DD00AD8B3F5001F0B
:1042A00033D0B3F5800F3BD0B3F5801F13D0013767
:1042B000D2E7B3F1007F47D0B3F1805F4DD0B3F1C7
:1042C000807FF4D150F80C3088684A6806F05FFDB2
:1042D00040F0887009E050F80C3088684A6806F0B1
:1042E00056FD40F0885040F43020CDE90123039082
:1042F000D9F890303078C3F30723013B984234D982
:104300006FF0150005B0BDE8F08350F80C308868F8
:104310004A6806F03CFD40F0885040F40020E4E795
:1043200050F80C3088684A6806F031FD40F00070A3
:1043300040F40030D9E750F80C3088684A6806F03D
:1043400026FD40F08270D0E750F80C3088684A684B
:1043500006F01DFD40F48020C7E750F80C30886857
:104360004A6806F014FD2843BFE701A9FFF7D0FE15
:104370003378013333709AE7C1F89830C1F8A00060
:1043800001336EE74FF0FF30BCE700BF00ED00E007
:1043900078C40000324E00200000F0FF000002113F
:1043A00008B50649064821F00701C1F1005202F59F
:1043B000802206F0EDFA002008BD00BF077D002036
:1043C0005C3000200C4B0122C3F840254FF08043A5
:1043D0004FF08051C3F87825D1F83001082805D175
:1043E000D1F83411022908BFC3F838260122C3F8D6
:1043F00080250020704700BF00E0014048B1054B18
:10440000054A1B68B3FBF2F35843044B43F0010326
:10441000184770476001002040420F0020C4000090
:1044200008B5054A054B136010463F23536004F05E
:10443000B9F8002008BD00BF68300020FFFF07006A
:104440004FF08043D3F84036DB072ED54FF01023D2
:10445000D3F8043303F00703072B26D1134A0123B3
:10446000C2F80435D2F80034002BFBD04FF01021F5
:10447000D1F8043323F0070343F00403C1F80433F5
:104480000023C2F80435094AD2F80034002BFBD0CF
:10449000BFF34F8F0649074BCA6802F4E06213432B
:1044A000CB60BFF34F8F00BFFDE7704700E00140D6
:1044B00000ED00E00400FA0510B50C46014608487E
:1044C00006F00FFC50B1012C08D150F8083C2BB17C
:1044D0005B691BB1BDE810400068184710BD00BF04
:1044E0008830002010B50C460146084806F0F9FB5C
:1044F00050B1022C08D150F8083C2BB11B691BB1FC
:10450000BDE810400068184710BD00BF883000208B
:10451000F8B5154690F900200378002A04460E46A7
:1045200002DB6FF01500F8BD03F01F03012BF8D17B
:104530004378062BF5D1818847881248C9B23F0AD3
:1045400006F0C1FB0028ECD0212F04D0222F0FD081
:104550006FF08500E7E70368E1885B685B6813F844
:10456000092F914294BF316032602B600020DAE75E
:10457000E38850F80C2C9A4294BF3260336050F8B4
:10458000103CF2E7883000202DE9F0410E4681888A
:104590000546C9B22548174606F095FB0446002893
:1045A00041D095F9002000686B78002A1EDA012BB3
:1045B00004D0032B10D06FF0850015E054F8083CB0
:1045C000002BF8D01C68002CF5D03B46324629461B
:1045D000A446BDE8F04160476B88002BEBD1043C5A
:1045E00001233C6033600020BDE8F081092B14D02A
:1045F0000B2BE0D169880129DDD814F8043C8B42EB
:10460000F1D054F8083CC9B204F8041C002BEAD0DD
:104610009B68002BE7D09847E5E754F8083C002B4F
:10462000C9D05C68CFE76FF01200DDE7883000206A
:1046300010B50C4601461A4806F039FB0346F8B19E
:10464000611E05291CD8DFE801F0031B181C222479
:10465000002200F8032C00F8022C13F8042C006848
:1046600001218A4203F8041C0AD053F8083C3BB1EC
:104670009B682BB1BDE810401847012200F8032CBD
:1046800010BD002200F8032C03F8022CF8E70122E9
:10469000FAE710F8022C002AF2D00022F4E700BF5B
:1046A0008830002010B50469C4E90012A36000231B
:1046B0006361064B2061596804F1140211B9C3E922
:1046C000002210BD0A605A60FBE700BF883000205E
:1046D00000F07F03082B42B204D010F0780F01D015
:1046E00000207047002A00F00F0300F0080004DAF1
:1046F00030B9054800EB4310704718B90348F9E793
:104700000348704703487047DC300020FC3100202C
:10471000DC310020FC3200200149024807F016BBC2
:10472000B8300020F00500200146014807F0C9BA62
:10473000F402002002480022002304F037BE00BF2C
:10474000F402002013B5114800F0A4FE0446C8B9D5
:104750000F4804F03BFA0F4804F076FA0E490F4870
:1047600000944FF0FF334FF4806204F0F9FF0C49DE
:104770000A4807F001FB0B490B4807F0CBFA20462B
:1047800002B010BD6FF00404F9E700BF99490000C2
:1047900036C700009CC4000000510020F005002036
:1047A00019C60000B54A0000B830002010B50E4907
:1047B000BFF35B8F002351E8002F012A03D141E8AA
:1047C00000300028F7D1BFF35B8F0CD151F8044CB7
:1047D0001439204606F009FA783004D12046BDE8A5
:1047E000104006F0DEB910BDB030002038B500240E
:1047F00064F07F00C0B2FFF76BFF013406F0FCFAF3
:10480000082CF5D10E4D0024E0B2FFF761FF0369DB
:1048100003B90561013406F0EFFA082C05F14005F3
:10482000F2D1084806F0E8FA074BD3F87C2212B917
:10483000064AC3F87C22BDE83840054806F0DCBAD9
:1048400020370020DC310020903000202033002071
:10485000FC32002008B5FFF76DFF20B14168024827
:1048600007F010F9F7E708BD0402002007B50023A0
:104870000E48002201A904F0E3FB90B1FFF7EAFF24
:104880000A480022002301A904F0DAFB38B9019894
:10489000042340600374FFF747FFFFF73DFF00204C
:1048A00001E00198406003B05DF804FB04020020C1
:1048B00010B50446FFF7DAFF60B1002202740472FB
:1048C000FFF732FF044B93F824301BB1BDE81040D2
:1048D000FFF722BF10BD00BF90300020022803D890
:1048E000024B185CFFF7E4BF704700BF33C70000FE
:1048F00070B5817806460846FFF7EAFE0B06F578A4
:10490000044612D5002D43D1FFF7B0FF034600281F
:104910003ED00122A5770274032202739C60FFF748
:1049200003FFBDE87040FFF7F7BE4DB1012D2FD159
:10493000FFF79CFF034658B3657705740573EDE7F1
:10494000FFF794FF20B3B278124B12F0800F02F001
:10495000080111D041B1D3F8A836E36001230374F4
:10496000022303738460DAE702F00F02142101FBD3
:104970000233D3F80836F0E711B1D3F8A837ECE7E3
:1049800002F00F02142101FB0233D3F80837E4E7E9
:1049900070BD00BF00700240F0B5064689B0142219
:1049A000002103A807F067FB3378013B052B21D8D2
:1049B000DFE803F07A0314146A1603238DF8143029
:1049C0000024FFF753FF0346A0B1047400F108026E
:1049D000DDE9050182E8030018461DE00423EDE748
:1049E000B1780846FFF774FE837A044623B1013B91
:1049F000022B43D909B0F0BD0B06F57813D5002D75
:104A0000F8D1FFF733FF03460028F3D00122A57742
:104A10000274032202739C60FFF786FE09B0BDE8B2
:104A2000F040FFF779BE55B1012DE3D1FFF71EFF2E
:104A300003460028DED0657705740573EBE7FFF7C2
:104A400015FF07460028D5D0012303740223037302
:104A5000846004F10C01B07806F03CFA134AE16876
:104A6000B2F88C328B4206D95B1AA2F88C3201F074
:104A70005DF83846D0E7A2F88C52FAE7304609B024
:104A8000BDE8F040FFF734BF01A801F02DF89DF814
:104A90000530052B04D19DF8043013F0600FA9D028
:104AA000034B059301248CE702248AE79030002011
:104AB000FC3100202DE9FF41AD4C8046FFF73AFE66
:104AC000074610B904B0BDE8F08194F825303A7C6F
:104AD0003BB9002A00F085807968A64806F0D2FF2D
:104AE000ECE7042AF8D8DFE812F07C0005000201A8
:104AF000180133013B7BBD68032BEDD8DFE803F0E1
:104B0000023C595E6E699C4B002232607260D3F8A1
:104B100080143170D3F884147170D3F88814D3F8EA
:104B20008C0441EA00217180D3F89014D3F89404E6
:104B300041EA0021B180D3F89814D3F89C3441EABB
:104B40000323F3800823EB60306871688B4B03C349
:104B500011462B68687A984796F90030002B07DBDE
:104B6000F3889AB222B1A4F88C3200F0DFFFB3E7E9
:104B70000023A4F88C32AFE76B7F002BACD02B7FE7
:104B8000002BA9D000266E774FF0FF327C482E779D
:104B90004FF0FF3306F043F96B6901936B68CDE981
:104BA000023601A9687A00F0C7FC754806F039F9A9
:104BB00092E72B680121687A98478DE7AB7A6BB949
:104BC000EB7F5BB96E484FF0FF324FF0FF3306F0DA
:104BD00026F900F0B1FF6A4806F023F92B6802219C
:104BE000E9E73A7A042A3FF677AFDFE802F05B03A1
:104BF0002569750000F00EFC054600287FF46CAFB7
:104C000000F048FBBFF35B8F5E49012351E8002FA2
:104C1000002A03D141E800300028F7D1BFF35B8FB1
:104C20007FF45AAF41F8085C41F8105CE0696361B9
:104C3000143905F06BFF4FE7002565F07F00C0B227
:104C4000FFF746FD037A13B1407A01F0D7F801353A
:104C5000082DF2D194F854311BB194F8550101F0AC
:104C6000CDF80025E8B2FFF733FD037A13B1407A9F
:104C700001F0C4F80135082DF4D194F874321BB159
:104C800094F8750201F0BAF8002000F0A7FB0123A8
:104C900084F825302368002B3FF41EAF002102204A
:104CA000984719E7002584F8255001F00DF8FFF723
:104CB0007DFD2368002B3FF40FAF29460420EFE76A
:104CC000002B3FF409AF00F0AFFB2368002B3FF44B
:104CD00003AF00210520E3E72268002A3FF4FCAE81
:104CE000002B3FF4F9AE002106209047F4E608F1CE
:104CF00010054FF0FF334FF0FF32284606F08FF8D3
:104D0000FFF774FD284606F08CF858F8283C002B75
:104D10003FF4E2AE00210120C2E794F874327BB187
:104D2000012584F8895284F88852FFF79FFD38B135
:104D3000154A057405738260FFF7F6FCFFF7ECFC7B
:104D400058F8283C002B3FF4C7AE00210A20A7E703
:104D500006F0DEFD00F0B8FF00F092FAFFF77AFDF2
:104D6000FFF744FD06F0CDFD084800F093FBB3E6E5
:104D70009030002004020020007002409430002097
:104D8000C8300020B0300020FC32002099490000DB
:104D900038B5144C94F824500DBB04F1380006F0DB
:104DA00009FF284601F07AF92A460121E06127200F
:104DB000FFF786F806F0A5FDFFF718FD012384F83C
:104DC0002430094B1B680BB1FFF7A6FC4FF0804362
:104DD000D3F83834DB0702D50120FFF769FD002046
:104DE00038BD00BF90300020F4020020074B93F83C
:104DF00024203AB193F82530002B0CBF6FF012003D
:104E0000002070476FF01200704700BF9030002004
:104E100010B5104B93F824300146BBB104782046FE
:104E2000FFF756FC10B96FF0150010BD44720B79F6
:104E300083724B88436008784988030702D44B1E6D
:104E40000B42F0D106F041F80020EEE76FF01200BF
:104E5000EBE700BF9030002010B5124B93F82420F0
:104E60000146CAB193F82530B3B1FFF731FC0446CF
:104E7000A8B1837A012B12D007D9023B012B07D9A5
:104E80006369A3610020E06010BD00F05BFEF7E7FE
:104E9000084600F0FDFDF3E76FF01200F4E76FF055
:104EA0001500F1E79030002038B50E4B93F8242020
:104EB000054682B193F825306BB1FFF709FC68B164
:104EC00015F008040AD1284600F004FE284600F038
:104ED000CDFF204638BD6FF01200FBE76FF01500E4
:104EE000F8E700BF9030002038B50C4B93F8242031
:104EF00005460C4662B193F825304BB1FFF7E8FB4D
:104F000048B141B1284600F0CBFD2070002038BDEB
:104F10006FF01200FBE76FF01500F8E7903000200B
:104F200070B5134E96F824300446C3B1FFF7D0FB9A
:104F30000546B8B1230705D4204600F0CBFD204636
:104F400000F094FF2B7A83B901232B7296F8253059
:104F50000BB9002070BD204600F050FFF9E76FF05C
:104F60001200F7E76FF01500F4E76FF07700F1E754
:104F7000903000202DE9F043DFF8DC801F4698F8E0
:104F8000243085B0044689461646002B5DD098F83B
:104F90002530002B59D003065AD5FFF799FB05465B
:104FA000002855D0037A002B52D04FF0FF334FF03A
:104FB000FF3208F1380005F032FFAB7F4BB108F14A
:104FC000380005F02EFF6FF00A04204605B0BDE85A
:104FD000F08316B9EB7F03B1EE77AB7ABBB95EB164
:104FE000B8F80A309E4207D26A68B6FBF2F302FBB9
:104FF00013630BB90123EB7700F0AAFD844206D0BE
:1050000000F09AFD154805F00CFF0024DDE70123B0
:105010002046AB774FF0000801A9CDE90196CDF805
:105020000C8000F089FA044658B185F81E802FB92B
:105030006FF00404094805F0F4FEC6E7C7F80080E5
:10504000F6E7002FF6D03E60F4E76FF01204BCE7FD
:105050006FF01504B9E700BF90300020C830002081
:105060002DE9F0411D46204B174693F824200E46AB
:10507000002A33D093F8253083B3030631D401B925
:105080007FBBFFF725FB044658B3037A4BB34FF0C1
:10509000FF3316484FF0FF3205F0C1FEE368BB4214
:1050A000984628BFB84646B93FB905B12B600F48AE
:1050B00005F0B7FE0020BDE8F081A1694246304608
:1050C00006F0CBFFA3694344A361E368A3EB0803A5
:1050D000E360002DEBD0C5F80080E8E76FF0120028
:1050E000E9E76FF01500E6E790300020C8300020B7
:1050F00070B51E4D95F82420034682B395F82520FF
:105100006AB31B062ED4FFF7E3FA044650B3037AC2
:1051100043B34FF0FF334FF0FF3205F1380005F095
:105120007EFEE368B3B9012663692677A361637FD6
:1051300083B1FFF79BFB30B905F1380005F071FE34
:105140006FF00B0070BD067484600673FFF7ECFA15
:10515000FFF7E2FA064805F064FE0020F2E76FF080
:105160001200EFE76FF01500ECE700BF9030002071
:10517000C830002008B5084B93F824302BB1FFF756
:10518000A7FA28B10160002008BD6FF01200FBE70C
:105190006FF01500F8E700BF90300020014B186059
:1051A000704700BF9030002008B5074B93F82430BB
:1051B00023B1FFF78DFA20B1406808BD6FF01200EF
:1051C000FBE76FF01500F8E790300020064B10F079
:1051D000800F03F1D80218BF134600F00F00182209
:1051E00002FB0030704700BF60390020EFF31180F0
:1051F000402383F31288BFF36F8F0A4BD3F8001C50
:10520000032261B949F27531C3F8001CC3F8142DAB
:10521000C3F8001C80F31188BFF36F8F7047C3F889
:10522000142DF7E700E00640EFF31180402383F3ED
:105230001288BFF36F8F0A4BD3F8001C61B949F293
:105240007532C3F8002CC3F8141DC3F8002C80F38A
:105250001188BFF36F8F70470022C3F8142DF6E753
:1052600000E006404FF08053D3F83031082B02BFE6
:10527000024B0022C3F81C2C704700BF0070024094
:10528000024A00231360024A13707047183B002043
:10529000374E002008B54A4B4FF40062C3F8002493
:1052A00005F0FDFD08B1FFF7A1FF4FF08053D3F8E3
:1052B0003031082B18D1EFF31180402383F312888B
:1052C000BFF36F8F3F4BD3F8001CC02200296ED173
:1052D00049F27531C3F8001CC3F8142CC3F8001C44
:1052E00080F31188BFF36F8F354B0122C3F800257F
:1052F000D3F800241205FBD54FF40062C3F8002454
:105300004FF08053D3F83031082B17D1EFF31180D1
:10531000402383F31288BFF36F8F2A4BD3F8001C0E
:10532000002947D149F27532C3F8002CC3F8141C88
:10533000C3F8002C80F31188BFF36F8F05F0AFFD29
:1053400030B1FFF771FF05F0AAFD08B1FFF74EFF7E
:105350004FF08053D3F83031082B194B0AD140F26B
:10536000E372C3F800284022C3F80428BFF36F8F0C
:10537000BFF34F8F8022C3F81C250122C3F83025CC
:10538000114B40F2FF121A60104B00211960104BB4
:105390001970FFF767FF0F4B19700F4B02221A703D
:1053A00005F07DFD50B1BDE80840FFF73DBFC3F8F3
:1053B000142C95E70022C3F8142CBBE708BD00BFEE
:1053C0000070024000E00640143B0020103B00202B
:1053D000334E0020354E0020374E0020094B00226E
:1053E00010B51A70084A094B094C002808BF13462B
:1053F000C4F800332720FEF733FD0123C4F8043539
:1054000010BD00BF364E0020FDFFDF01FDFFFF0194
:1054100000700240034B1878012894BF002001203F
:10542000704700BF374E002010B54FF0FF324FF0ED
:10543000FF33154804F020F8EFF31181402383F384
:105440001288BFF36F8F114B1B7803F0FF0483B1F9
:105450000F4BD3F8002412F400720AD10120C3F8D4
:105460002C05D3F82C05D3F80004800502D5C3F829
:105470002C25002481F31188BFF36F8F024803F0BD
:10548000C7FF204610BD00BFD4020020364E0020CA
:1054900000700240F8B51C4B1C7894BB1B4A10608E
:1054A00001221A7040F2FF17264664F07F0514F0BF
:1054B000080FEDB214BF39464021284605F005FD1E
:1054C0002846FFF783FE0134092C867506730661B2
:1054D000EBD1002440F2FF17254614F0080FE6B286
:1054E00014BF39464021304605F0EFFC3046FFF747
:1054F0006DFE0134092C857505730561EDD1002021
:10550000F8BD6FF07700FBE7374E0020183B002016
:10551000084B10F0800F14BFD3F81035D3F81435B2
:1055200000F00F02012090401840003818BF012001
:10553000704700BF007002402DE9F843024605F0B5
:10554000BCFCEFF31188402383F31288BFF36F8F05
:10555000130703D1174B1B78934224D1164B174FD7
:105560001C683E68E4434FF00109A4B209FA00F553
:1055700034432C401AD11046FFF728FE80F80C90D7
:10558000034607C91C6183E807009C750C4B2E433A
:1055900080223E602046C3F8042188F31188BFF3BF
:1055A0006F8FBDE8F8836FF00D00F6E76FF00F0026
:1055B000F3E700BF354E0020143B0020103B0020D5
:1055C00000E100E010F0080F074B06D0D3F8C0044C
:1055D00010F4803F18BF0020704700F00F0000F566
:1055E000947053F820007047007002402DE9F74F87
:1055F000594BDFF86881D3F85421EAB10022C3F88F
:105600005421D3F80413890216D58DF80420D3F859
:105610002025ADF80620D3F8C034002BD8F8003090
:1056200014BF4FF001224FF480721343C8F80030CA
:105630004B4B01A81B689847474BD3F8604134B1E6
:105640000022C3F86021D3F86C44C3F86C44D3F84B
:1056500028214AB10022C3F82821424B187805F0CE
:105660002CFC012383401C43DFF8FCA09AF8005077
:105670009AF9006015F0080005F00F0238D1002EED
:10568000B4BF3A4B3A4B91000B441968DFF8E490F1
:1056900051B300211960304B88BB8E424FF014018A
:1056A00001FB0233B4BFD3F80836D3F80837324AC7
:1056B000117803F001034B401370FFF7D3FD2F481F
:1056C00003F0A6FE2846FFF781FD837D032B1DD145
:1056D000284605F0F2FB012303FA00F0D9F8003068
:1056E00023EA0003C9F800301D4F0125062672E0A9
:1056F000234B244933EA260328BF0B46C5E7002E77
:10570000B4BFD3F8A836D3F8A837D0E7037BE3B902
:10571000284605F0D2FB012303FA00F0D9F8003047
:10572000002E23EA0003C9F8003001DA882DDBD10E
:1057300006238DF8043000238DF80730084B8DF8D0
:1057400006501B6801A89847CEE7002DCCD1024B2C
:105750000122DA64C8E700BF00700240143B002059
:10576000183B0020354E0020344E002008710240C6
:1057700030710240103B0020334E0020D402002044
:10578000507102402C71024094FAA4F3B3FA83F3EF
:105790000F2BD8F800201946C8BFA3F1100105FA55
:1057A00003F342EA0302C8F80020D9F80020CCBF76
:1057B000C9B241F0800124EA030413400A0640F113
:1057C000938043B98DF804608DF806108DF807308A
:1057D0003B6801A89847002CD6D1A74BD3F80021ED
:1057E0005AB1C3F80041A54B1C70A54B1C70012396
:1057F0000193A44B01A81B6898479F4BD3F85821ED
:10580000002A2ED00022C3F85821D3F80044C3F850
:105810000044E60508D5994B01221A700223019332
:10582000984B01A81B689847A50508D5934B002203
:105830001A7003230193934B01A81B6898476405D2
:105840000FD58E4B1A7862B100221A708A4B012252
:10585000C3F808259A65042301938A4B01A81B68A5
:105860009847854BD3F85C3123B3874B9B681BB9B2
:105870009AF8003058061DD07F4B0022C3F85C21F7
:10588000D3F880347E4A23F07F031370D9F80030B8
:1058900023F00113C9F80030D8F8003023F4803326
:1058A00043F00103C8F8003005230193754B01A8AC
:1058B0001B689847D9F80020D8F800301A4200F049
:1058C000C88071480022002303F0D6FD002840F074
:1058D000C080694BD3F82C35002B44D06A4803B004
:1058E000BDE8F04F03F094BD002B7FF474AF8DF84A
:1058F00004608DF806108DF8075069E70B4661E0EB
:10590000003A69E02046FFF75DFED5E90032B5F8C0
:1059100014C090429FBF121AC7182F606A6094BFCC
:105920000746002760450CBF4FF0010C4FF0000CFC
:10593000002A08BF4FF0000C002B53D0874251D2F1
:105940000123B34021EA0303C9F8003006238DF890
:1059500004304C4B8DF8064002221B68AA758DF866
:10596000072001A89847D9F80010D8F800600E4029
:10597000B4D016F0012314BF93FAA3F696FAA6F654
:10598000B6FA86F6F4B20F2EC6BF103CE4B244F06D
:1059900080042046FFF71AFC4FFA84FBBBF1000F8E
:1059A0000546AFDA4368878A01689F4228BF1F46D1
:1059B00001F06043B3F1005FA0D034483A4606F0EE
:1059C0004CFB324B29686A6839442960A968D21BAC
:1059D000C9076A6094D53A1E18BF01222AB900226D
:1059E0002A7302E0BCF1000FF9D04FF08052012081
:1059F000D2F83021082A02BF1F4A8221C2F81C1C9B
:105A0000D8F800208AF8004000FA06F622EA0602DA
:105A1000C8F800202A6914F0080F3A442A61164A8F
:105A20001AD1BBF1000F04F00F044FF0140101FB79
:105A30000421A9BF0A3402EB8402C1F80037C1F87F
:105A40000477AFBF42F82400C1F80036C1F80476ED
:105A5000506003B0BDE8F08FBBF1000FB5BFC2F8D6
:105A6000A036C2F8A037C2F8A476C2F8A477B4BFB3
:105A700050629064EDE700BF00700240364E002097
:105A8000354E0020183B0020D40200202039002091
:105A9000024B40F48070C3F8180570470070024054
:105AA000030713D400F00F0310F0800F084A0BBF58
:105AB00003F5887303F5847302EB830252F8230025
:105AC00008BF5068003818BF012070470020704799
:105AD00000700240034BC3F80C0540F48070C3F81B
:105AE0000C057047007002400023036043600E4BBA
:105AF000D3F880240270D3F884244270D3F8882429
:105B0000D3F88C1442EA01224280D3F89024D3F8CF
:105B1000941442EA01228280D3F89824D3F89C346A
:105B200042EA0323C380704700700240014B012208
:105B3000DA64704700700240014B01221A65704719
:105B400000700240014B01225A657047007002400C
:105B5000014B1878704700BF354E002010B5024643
:105B6000EFF31184402383F31288BFF36F8F05F0A6
:105B7000A4F90B49012303FA00F00B6823EA0003A0
:105B80000B6012F0080101BF02F00F02054B02F595
:105B9000947243F8221084F31188BFF36F8F10BD05
:105BA000143B002000700240F7B50146EFF3118569
:105BB000402383F31288BFF36F8FFFF707FB06467E
:105BC000084605F07AF9012211F0800F02FA00F27E
:105BD0002D4818D1036832EA03040AD00846FFF7BB
:105BE000BDFF0323B37585F31188BFF36F8F03B037
:105BF000F0BD2649347323EA020303600B6823EAED
:105C000002030B60EDE70B0715D48029204B2FD042
:105C100001F00F0404F2DA346400C3F80048D3F84A
:105C20000448D3F80478E4B244F002043C43C3F8D7
:105C30000448D3F80438154F04683B6864EA030C41
:105C40001CEA020FCFD013433B60002333730323BE
:105C5000B3758DF807300F4B8DF8061024EA020457
:105C6000062204601B688DF8042001A89847BAE753
:105C700040F2B474C3F80048D3F80448D3F8047869
:105C8000E4B244F00404D1E7103B0020143B0020B0
:105C900000700240183B002010B504464FF0FF3260
:105CA0004FF0FF33064803F0E7FB2046FFF77CFF89
:105CB000034803F0ADFB034B8022C3F8042110BD61
:105CC000D402002000E100E0F8B54FF0FF324FF0C1
:105CD000FF332B4803F0D0FB2A4B8022C3F88421EA
:105CE0002720FEF7DFF898B1274E284B34681B6851
:105CF0006FF30F041C43012764BB254D40F2FF13D3
:105D000033602720C5F80445FEF7B8F8C5F800430E
:105D1000204A13788BB11E4B0021C3F808110121D2
:105D2000C3F80026C3F804165960D3F808110029F7
:105D3000FBD00021C3F808111170154B0022C3F8E5
:105D40000025FFF78FFA0E4803F062FB124B012289
:105D50001A70F8BD94FAA4F5B5FA85F50F2D28460A
:105D6000C6BFA5F11000C0B240F08000030701D407
:105D7000FFF71AFF07FA05F524EA0504BCE700BFA0
:105D8000D402002000E100E0143B0020103B002082
:105D900000700240334E0020374E002010B50446FC
:105DA0004FF0FF324FF0FF33114803F065FB204600
:105DB000FFF7FAFE04F00F02012393400D4A14F09E
:105DC000800F14BFD2F81015D2F814156FEA030330
:105DD00015BF0B400B40C2F81035C2F8143504480B
:105DE00003F016FB044B8022C3F8042110BD00BF52
:105DF000D40200200070024000E100E070B50446CB
:105E0000FFF786FB68B904F00F02012514F0800F3C
:105E1000144B05FA02F205D0D3F810150A43C3F863
:105E2000102570BDD3F814150A43C3F81425631E5A
:105E3000062BF6D8EFF31186402383F31288BFF3C5
:105E40006F8F2046FFF78AFE204605F036F8064A97
:105E50001368854023EA0503136086F31188BFF3B6
:105E60006F8FDEE700700240103B0020030610B584
:105E7000044605D4FFF714FE10B12046FFF76EFE6E
:105E8000014BC3F8184510BD00700240084B70B5B7
:105E9000C31A0D4607499B10044659430648402241
:105EA00005F037F82B4601462046BDE870401847FC
:105EB000303B0020B76DDBB630C1000073B50C4C31
:105EC0000C4A4023041B00930D460B460A49A410BC
:105ED00061430646094805F047F8014628B13046B7
:105EE0002B4602B0BDE87040184702B070BD00BF3D
:105EF000303B0020D7AF0000B76DDBB630C10000EB
:105F00000022F8B5012105461046FDF7D9FF1048DB
:105F100002F076FB0446B8B902F092FB2F690D49F6
:105F2000384604F0E0FD031E09DB01263E642D69BE
:105F3000084905F11C0004F0D6FD031E02DA1C46D8
:105F40002046F8BDEE64FBE76FF00404F8E700BFFD
:105F500081600000A0C400001FB500220123CDE92C
:105F600002236C46074A6B46CDE9004405F02CF845
:105F700028B94FF480420023684603F07DFA04B04C
:105F800010BD00BFE9AF000010B5EFF3118440234E
:105F900083F31288BFF36F8F074A136823F002015F
:105FA000DB07116002D4012005F097F984F3118812
:105FB000BFF36F8F10BD00BF803B002030B4104B8B
:105FC0000C2202FB003301460020D3E90E529863F5
:105FD000EFF31180402484F31288BFF36F8F1C6CA1
:105FE00004F0C00444F002041C6480F31188BFF381
:105FF0006F8F1DB12B46034830BC184730BC70472B
:10600000303B002030C1000010B4EFF3118040227B
:1060100082F31288BFF36F8F17490B6843F00204B5
:1060200013F001030C601AD04FF08043D3F80C1426
:10603000D3F80C3413F0010311D0EFF3118182F384
:106040001288BFF36F8F0D4A136C03F0C00343F047
:106050000203136481F31188BFF36F8F012380F370
:106060001188BFF36F8F1BB110BC0020FFF7A6BFD4
:1060700010BC012005F029B9803B0020303B0020F6
:1060800010B1012804D07047034B1B6C5B0701D192
:10609000FFF794BF704700BF303B0020024AC3B2F5
:1060A0001C2000FB03207047303B00202DE9F0410D
:1060B0003849BFF35B8F8046012251E8003F41E839
:1060C00000200028F9D1BFF35B8F33B93249334840
:1060D0004B60CB608A6004F019FD08F1FF33012B9F
:1060E0004BD8B8F1010F07D14FF08043D3F81C34DF
:1060F00003F00303012B40D005F038FE054658B1EC
:10610000EFF31186402383F31288BFF36F8F0125CD
:10611000234F4FF080441EE0224B1B78002BEFD022
:106120004FF080430222C3F808230646F0E735B358
:10613000304604F01DFED4F8183563B9D4F80421B4
:106140004AB1C4F80431D4F804310123C4F8183535
:10615000C7F88031A360D4F81824D4F81834D203D7
:10616000E5D503F00303012B02D0B8F1010FDED116
:1061700055B186F31188BFF36F8FBDE8F081002120
:10618000212005F091FED6E74FF080430222C3F8AC
:106190000423F2E72C3B00201C3B00204C3B00205A
:1061A00000E100E0DF500020024B0B600123136090
:1061B000704700BF843B002000487047BCC400000B
:1061C00010B5012211460648064C05F085FD05F084
:1061D00088FB206005F081FB6060002010BD00BFDF
:1061E0008C3B0020843B00204FF08042D2F81015F9
:1061F000D2F8103501F01E0123F01F030B4343F0CA
:106200000103C2F81035024B00221A70704700BF1C
:10621000384E00204FF08053D3F83031082B20D176
:106220004FF08042D2F81015CB071AD5D2F81035AE
:1062300001F01E0123F01F030B43C2F81035D2F802
:1062400008315BB1D2F8103523F01F030B4343F044
:106250000103C2F810356FF08B007047024B01222A
:106260001A700020704700BF384E00202DE9F04121
:106270000D46164605F031FB31460746284604F028
:10628000C3FE78B3B5FBF7F307FB135353BBB6FB61
:10629000F7F407FB14642CBBB7421DD84FF0FF3254
:1062A0004FF0FF331148DFF8488003F0E5F805F0C0
:1062B00014FB0746FFF7AEFF044680B9284602F0FC
:1062C0005BFC98F800300BB1FFF78EFFF61B3D44E6
:1062D000F0D1064803F09CF82046BDE8F0816FF04D
:1062E0008B04F6E76FF01504F6E700BF8C3B002047
:1062F000384E00202DE9F8430E4630461946174621
:106300001C4604F081FE88B346EA040515F0030537
:106310002CD1BCB11748DFF860904FF0FF324FF03E
:10632000FF3303F0A9F824F00304AC4206EB0508A0
:106330000BD1124AD2F80034DB07FBD500240D48FC
:1063400003F066F82046BDE8F883FFF763FF50B915
:106350007959404602F02CFC99F800300BB1FFF758
:1063600043FF0435E1E76FF08B04E8E76FF01504B5
:10637000E8E700BF8C3B0020384E002000E00140E1
:106380002DE9F043476840F20636D0063B7C87B0E3
:1063900002EA060654BFC2F3401C4FF0030C01F0A2
:1063A0001F05B6F5837F144645EA43158DF803C0F3
:1063B00044D00DD8062E16D005D8A6B1022E3FD057
:1063C0006FF0150037E0B6F5807FF9D101260AE0BD
:1063D00040F20222964235D0B6F5407F34D0B6F571
:1063E000007FEDD10226220330D57A6801238B404D
:1063F000C2F80835B868A0BB05F01F036D092DD0A1
:10640000012D77D13E4A02EB8302C4F30043D2F858
:10641000001783F00103C4F3404444EA430421F429
:10642000E16144EA8C0421F0070144EA06230B43AE
:10643000C2F80037002007B0BDE8F0830726D2E796
:106440000426D0E70526CEE70326CCE7630341BF49
:1064500001237A688B40C2F80C35CBE74FF0A0429D
:10646000D1E70DF10202294605F0A7F914F4403FE7
:1064700080460CD1B868294605F0D4F9B8F1000F70
:10648000D8D19DF80210B86802F072FAD2E74FF046
:10649000000901ABCDE90199CDE90439CDF80C90A3
:1064A000B86803AA294605F05DF84845C2DB14F434
:1064B000003314D0C4F300449DF803308DF80E303F
:1064C00084F001048DF80C608DF80D40B8684B46DF
:1064D00003AA294605F0F9F80028CFDAAAE7CDE9A2
:1064E00004330DF103030393B86803AA294605F0AA
:1064F00039F8F1E703F5E07350F82330FFDE00BF11
:1065000000030050420970B5034602D0012A17D09B
:1065100070BD0D4E326951680029F9D003F01F0398
:1065200001250C689D400029F2D08A682A4002D0DB
:106530004B68304698472CB1236821461C46F2E749
:10654000024EE7E72346F8E768C100004CC10000AF
:1065500038B54568A86890B105F05EF9014670B994
:10656000A86805F03DF9044658B902460649A868EE
:1065700005F020F9224605210620FDF7A1FC0020A8
:1065800038BD6FF00400FBE705650000F0B5446816
:106590001646A068227C01F01F0587B045EA421527
:1065A00000286DD0B6F5001F04D1294605F08DF9FD
:1065B000002056E06268607CC2F8240501AA002031
:1065C000B6F5800F0190506037D1B3F1007F14BF52
:1065D000052304238DF804300023CDE9042303931D
:1065E000E36823FA01F111F001010DF103073AD13B
:1065F000B6F1A07F37D105F01F036A0903F5E073F8
:1066000026D0012A3FD1214A52F82330DB072AD471
:10661000A0683A46294605F0D0F816301BD00297FC
:10662000A06803AA294604F09DFF002819DBA06892
:106630000122294605F0F8F8BAE7B3F1C06F05D09A
:10664000B3F1007F14BF01230223C3E70323C1E793
:106650004FF0A042D8E7A068394602F08FF9002831
:10666000DDDA07B0F0BDA0683A46294605F0A5F886
:106670000028D5D19DF80310A06802F079F9CFE782
:106680006FF08500EDE751F82330FFDE0003005086
:1066900070B5012383400F4ABFF35B8FDC4352E8A0
:1066A000001F01EA040542E80056002EF7D1BFF3AF
:1066B0005B8F4FF4803282400748C0F80823BFF355
:1066C0005F8FBFF36F8F03EA0100003818BF01200E
:1066D00070BD00BFB83B00200010014070B41249EB
:1066E000D1E90034D01AC31844F1000422F07F46E7
:1066F000C1E90034A6F50013B3F5400F09D20B4BE6
:106700001B681A0A1B069C19094B42F10005C3E9D4
:106710000045EFF31181402383F31288BFF36F8F9D
:1067200070BC03F033BD00BFA0060020BC3B0020BE
:10673000A806002011B3BFF35B8F0123104A8340EA
:1067400052E800CF4CEA030C42E800C10029F7D11F
:10675000BFF35B8F0B4A4FF480338340C2F804339E
:10676000094BBFF35B8F1B68BFF35B8FC340DB0735
:1067700042BF064B4FF40032C3F80021704700BF00
:10678000B83B002000100140B43B002000E100E0D5
:106790000D4B1868010A0006BFF35F8F0B4BD3F84F
:1067A0000435181841F10001B3F5801F0AD2084BD7
:1067B000D3E90023904271EB030303D210F1807000
:1067C00041F10001704700BFBC3B002000100140B8
:1067D000A80600202DE9F04F85B016461F469DF80B
:1067E00040A00446FFF754FF0190FFF7D1FFB042ED
:1067F00071EB07035ED23E4B301A67EB0101984202
:1068000071F1000109D36FF0150520460199FFF7DA
:1068100091FF284605B0BDE8F08F364B03EB04131B
:10682000D3E902239F4208BF964254D032494FF425
:10683000803804F1500508FA04F8AD00C1F8488327
:106840002046ADB204F071FC26F07F4B05F1804587
:1068500004F5A87305F58835DC464FF0030902936B
:10686000029A2CF07F4341F82230C1F84483D1F8DA
:106870000435224A6FF00200C01A604420F07F40C5
:10688000904228D9286868B1D1F804350393A3EB66
:106890000B0020F07F40B0F5000F1CD9204604F01B
:1068A00044FC039BBAF1000FADD109EB030C09F1D5
:1068B0000109D5E7BAF1000FA5D10123104ABFF3B2
:1068C0005B8FA34052E8000F184342E80001002903
:1068D000F8D1BFF35B8F07490E98230101EB041237
:1068E000C8500F9B5360C2E9026700258DE700BFC7
:1068F000010080009006002000100140FDFF7F0095
:10690000B43B00207FB51C4C1C4BC4F80833C4F8C2
:1069100048331B4B00254FF0FF304FF0FF31C4F8D8
:106920000855C3E902014FF48033C4F80433154B12
:1069300002264FF400320121C4F804631120C3F889
:1069400080212A46FDF7BCFA1120FDF789FA0E4A8C
:106950000123A360236013600C4B0D4A0093CDE923
:10696000015500232846FFF735FF3046FFF79EFB11
:10697000284604B070BD00BF0010014003000F00A6
:106980009006002000E100E0B83B0020DD6600003A
:10699000FFFF7F002DE9F7432B4CD4F80433990710
:1069A0000BD5D4F8043143B1284A0023C4F804318C
:1069B000D4F80431136801331360D4F80433DA03D4
:1069C00023D5BFF35B8F224B53E8002F22F0010148
:1069D00043E800100028F7D1BFF35B8FD30702D440
:1069E000D4F840318BB10025C4F84051D4F840317F
:1069F000FFF7CEFEEFF3108272B6164BD3E90267B3
:106A0000B042B94104D282F3108803B0BDE8F083EC
:106A10004FF0FF384FF0FF39C3E90289D3E9001086
:106A20001D604FF48033C4F84833C4F84051D4F8A3
:106A3000403182F310880029E7D0009032463B466F
:106A400028468847E1E700BF00100140BC3B00201A
:106A5000B43B00209006002030B5431C124C85B09A
:106A600005D08442A8BF0446012CB8BF0124FFF71B
:106A70008FFE0E4B0C4DD3E90013401AB0F5000FFA
:106A800010D22218AA4228BF2A4652184FF00000FE
:106A900007490091CDE9010043F10003FFF79AFE99
:106AA00005B030BD2A46F0E7FFFF7F00A0060020BA
:106AB000DD66000008B5FFF76BFE024B1B68C01ACD
:106AC00008BD00BFA0060020042812D8DFE800F0AF
:106AD0000D03110D0300084BA0221A60074B18721A
:106AE000074BC3F8100501207047034B4FF4967213
:106AF000F3E70020704700BFC43B0020B43C0020F7
:106B000000100040014804F03CBF00BF50010020CD
:106B10001FB5114B93F90A001B7A013BDBB2032B23
:106B20009CBF0E4AD25C0E4BDB7C4FF0000188BF4D
:106B30000522009103F5166303A9FAF711FB9DF8EE
:106B40000D00FAF707FB9DF80C20064BC3F80C2547
:106B500005B05DF804FB00BFB43C002037C700005F
:106B6000380100200010004038B5002813491448AF
:106B700040F2044508BF4FF48065FAF7CDFA0446A9
:106B800048B9FAF7BDFA204601F068F90D4B1B68C9
:106B9000C3F8005238BD0C4BDB7C002B0B4B0CBFF9
:106BA00081222822C3F848250022C3F84821D3F8BF
:106BB00048214FF48022C3F80423E7E7D8000020DF
:106BC0000801002050010020B43C002000A000403B
:106BD000B0F5A47F09D1054B1A68D2F8003223F42E
:106BE000806323F00403C2F8003270475001002094
:106BF00010B509490948FAF795FA044650B9FAF769
:106C00007FFA204601F02AF9054B1B6840F2044246
:106C1000C3F8002210BD00BFD800002020010020D2
:106C200050010020837842781B0443EA0223027853
:106C30001343C27843EA0253027943EA825342790A
:106C400043EA0263827943EA8263C27943EA427388
:106C5000094AC2F81435837A417A1B0443EA0123B6
:106C6000017A0B43C17A43EA0163017B43EA416342
:106C7000C2F81835704700BF001000401FB5044629
:106C80000D220021684605F0F6F90A4B00930A4BE5
:106C90005B7CE0B2013B8DF808008DF809008DF8AF
:106CA0000A30684601238DF80B30FFF7BBFF04B0B4
:106CB00010BD00BF000101003801002008B5FAF73F
:106CC00037FA0C490C48FAF72DFA0C4B1A7812B91E
:106CD000587CFFF7D3FF0A4B0A4AC3F8042540F259
:106CE0001712C3F80022084B084A1A60084B062204
:106CF0001A7008BDD800002020010020B43C0020FC
:106D00000010004091500020C03B0020156F000093
:106D1000D550002010B51C4B1B6801241C6101F0EC
:106D2000BFF8FAF70BFAFAF7F1F920460021174CF1
:106D300001F03CF90023C4F80032154B1A7812B95F
:106D4000587CFFF79BFF134BC4F804350023C4F8AD
:106D50001031D4F81031012323610C4BD3F81021EA
:106D6000002AFBD00021C3F81011D3F8102140F203
:106D70001712C3F80022012001F0ACF8FFF738FF2A
:106D8000054B01229A6110BD500100200010004007
:106D9000B43C002091500020004001401FB518492C
:106DA0000B7823B1012B07D005B05DF804FB05B0CB
:106DB0005DF804EBFFF762BF0022CDF809208DF8E3
:106DC0000B30104BCDF805205B7CCDF80120013B4A
:106DD0008DF80A3020238DF808300B7A03228DF8C5
:106DE0000220012B4FF006028DF8002001D0042B69
:106DF00002D101238DF805306846FFF713FFD3E772
:106E0000B43C002038010020064BBFF35B8F53E8F1
:106E1000001F014343E80012002AF8D1BFF35B8F43
:106E2000704700BFD03B002008B5084804F09CF92B
:106E300058B10748436A0133082B28BF0023436237
:106E4000BDE80840283004F0A2B908BDA83C0020E5
:106E5000803C0020F8B50646284804F085F907284C
:106E60000D4649DC264B274F1A78012A39D13B7849
:106E7000C3F3050203F03F03202B3DD8224B196AD0
:106E800053F821301A70204C2049236A54F823000B
:106E900010F8052B05F0E1F8236A54F823305E70F2
:106EA0001B4B226AD3F8483554F8222003F07F03A5
:106EB0009370236A54F823301D71236A54F82320F9
:106EC0007B78DB4303F00103D370236A0133082B83
:106ED00028BF002304F12800236204F064F9012094
:106EE000F8BD094A116A52F82120597809B9117080
:106EF000C9E75B7C1370C6E70020F1E77C3C00200B
:106F0000B43C002091500020543C002093500020BD
:106F1000001000402DE9F84F6B4AD2F8003413F00E
:106F2000010803D1BDE8F84FFFF7F4BE674804F04D
:106F30001BF90728F6DCD2F80834654EDFF8949187
:106F4000D2F80C4499F80120DBB2C2F3410136F8C3
:106F5000230084424FEA830704D1F01980788142EC
:106F600000F090804FF0000AF2195B4C9170564A85
:106F7000D2F80C2426F82320A37C23B199F8013001
:106F8000DB0740F19D80FAF7D9F854495448554D34
:106F9000FAF7C2F82478002C00F08780012C47D142
:106FA000494B5148D3F8081404F0DEF8002875DD89
:106FB000DFF838B1C9B25BF82130002B6ED0F01980
:106FC0004B4AC0781C681460C8B1BAF1000F16D1E2
:106FD00083F804A05BF8213043489B684BF82130CC
:106FE00004F0D5F804F0C0F80028414A4EDD5BF803
:106FF000214004B1246814600120FFF705FFF31954
:10700000002C45D00122DA7022782B78394862F3BF
:10701000050321462B7011F8052B05F01EF86B783F
:1070200099F8012023F0070302F0070213436B7065
:10703000314B07221A70FFF76BFD234BD3F808245E
:10704000D2B2C3F82C2540F21B12C3F80455C3F882
:1070500000222A4B2A4A1A60B8F1000F10D01A4BAE
:107060003E44D3F80804B178C0B2FFF7F3FE38B15C
:107070000420FFF7C9FE234B4FF48012C3F8002110
:10708000BDE8F88FC2464FF000086DE75446B2E7FE
:10709000DC702B7864F305032B70C0E7F319002232
:1070A000DA702B7862F30503F6E72046FFF7E6FD7A
:1070B0002B7899F800206C7062F301032B70B7E70E
:1070C000FFF728FEC8E700BF001000407C3C00200E
:1070D000663D002091500020B43C0020D8000020E4
:1070E00008010020B3500020A83C0020D43B002021
:1070F000AC3C0020B5500020D5500020C03B002003
:10710000BD6C000000E100E0684620F007018D46FC
:1071100001B5204BD3F80423D1060BD5D3F81021A9
:1071200042B10022C3F81021D3F810311A4B1B686A
:1071300003B19847174BD3F8042312071ED5D3F891
:107140000C21DAB1154A5278022A1DD1D3F808046D
:10715000134B5978C0B2C1F34101FFF77BFE38B140
:107160000420FFF751FE0F4B4FF48012C3F80021AB
:10717000084B0022C3F80C21D3F80C31FCF732FF86
:10718000BDE8014085467047034B1B68002BEFD0DC
:107190009847EDE700100040C03B0020B43C0020C1
:1071A0009150002000E100E0684620F007018D4684
:1071B00031B5144B14481B68144D82B0019303F091
:1071C000D9FF2B680446B3B1C10704D500228DF85E
:1071D000002068469847A20705D501238DF80030A6
:1071E00068462B689847630705D502238DF8003061
:1071F00068462B689847FCF7F5FE02B0BDE83140C1
:1072000085467047C83B0020D03B0020B03C0020A2
:107210002DE9F041614BDFF888815A6A614F98F897
:10722000004053F82250604E3D60002C45D0012CA8
:107230006BD001243B685D4D5A78C5F82C255B78EE
:10724000012707FA03F3DBB2C5F83035584BDA7C77
:10725000C5F808251433BFF35B8F53E8001F21F0F6
:10726000010143E80012002AF7D1BFF35B8FFFF75B
:107270004FFC504BC5F804650222C3F88021384604
:10728000FCF7EEFD0020C5F80401D5F80431C5F87F
:107290000801D5F80831C5F81001D5F81031C5F846
:1072A0000C012146D5F80C3100F014FE2046FFF702
:1072B0005BFC414B9F61BDE8F08198F81100348080
:1072C000FFF7DCFC33782A79304662F3010300F8DB
:1072D000023B294611F8052B04F0BFFE334B40F268
:1072E0001B12C3F80022C3F81041D3F8102110225A
:1072F000C3F80423314BB8F80E201A60304B314AE2
:107300001A60314B04221A7093E7EA780023338025
:107310001AB198F8124084F001042B79287831785A
:107320005B0003F00603002A08BF43F001037278F4
:1073300060F3050122F00702134331702946737090
:1073400011F8052B214804F088FE184B1C491E4AF1
:10735000A4B140F21B10C3F800021848B8F80E4060
:10736000046018480860042111700022C3F810213D
:10737000D3F810211022C3F804235AE740F2131067
:10738000C3F800021248086003211170C3F81041CD
:10739000D3F810211022C3F804234BE7803C0020CF
:1073A000B43C0020AC3C0020B35000200010004052
:1073B0003801002000E100E000400140CC3B00200B
:1073C000C03B0020ED740000D5500020B5500020D7
:1073D000D573000010B5F9F7ABFE124B1B68012402
:1073E0001C6100F05DFDF9F791FE0021084600F0F8
:1073F000DDFD0D4B20461C60FFF706FDFFF714FD79
:107400000A480B4B03F0B0FE4FF4801220B9094933
:107410000C70C3F8002110BDC3F80021BDE8104076
:10742000FFF7F6BE50010020C83B0020A83C00201A
:1074300000E100E0D55000200146C80708B506D598
:10744000184803F082FE184B00BAC3F81C058A07DF
:1074500006D5164803F079FE134B00BAC3F8200591
:107460004B070AD51248104903F06FFEC1F82405F6
:10747000104803F06AFEC1F828054FF08053D3F896
:107480003021082A0DD1D3F8343153B9054B0A48BD
:107490005B7C052B18BF4FF07F40BDE8084000F033
:1074A000A9BC08BD38010020001000403C010020AC
:1074B00040010020440100200000FFFF08B5F9F75B
:1074C00037FE07490748F9F72DFE074B1A68D2F82F
:1074D000003223F4806323F00403C2F8003208BDB5
:1074E000D8000020200100205001002070B50121AB
:1074F0000020204C204D00F059FD00F0D1FCFFF79A
:10750000DDFF40F21313C4F800321C4B1C4A1B6809
:107510000D33C2F84035EB7C002BAB890CBF8121C9
:1075200028215B1AC2F84435164B1B68002640F22E
:107530000222C3F80022C3F84061D3F84021C3F807
:107540004461D3F8443100F0E1FD00F0B9FDC4F826
:107550000C612878D4F80C3108B9FFF78FFB0A4B7F
:10756000C4F80435094B0A4A1A600A4B05221A70FE
:1075700070BD00BF00100040B43C0020C43B0020A0
:1075800000A000405001002091500020C03B00208E
:10759000FD750000D550002010B50A4C0A4A23683A
:1075A000D3F8443500208133D36000F057FC0749FD
:1075B0000548F9F7B1FD20B9236840F20442C3F849
:1075C000002210BD50010020F0000020D800002053
:1075D00008B500F065FCF9F7ABFD0320F9F7B4FD41
:1075E000054B1A68D2F8003223F4806323F00403B9
:1075F000C2F8003208BD00BF50010020F8B54B4E64
:107600004B4C4C4D00F0B4FDF9F798FDF9F77EFDB9
:10761000D6F80C31002B3AD0D6F80034D90736D53D
:107620000120FFF7F1FB2268EB899B1A424A0344D1
:107630001360FFF7F9FB2B7883B1404B1A78920661
:107640000CD0D6F82C05597800F00700C1F34101A1
:10765000FFF700FC10B10420FFF7D6FB3848394B88
:1076600003F082FD00280ADD2A7C012A07D04FF4AE
:107670008012C3F80021BDE8F840FFF7C9BD324AC7
:10768000012111704FF48012C3F80021F8BD236866
:107690002D4E2E4F5A1E226063B93B68264A0124A4
:1076A0001C61EB89022023441360FFF7ADFB254BDF
:1076B0003470E7E71D4C0023C4F80031D4F80031E2
:1076C00040F21B13C4F800322B7813B9687CFFF723
:1076D000D5FA1F4BC4F804351E4B1F4A1A60042309
:1076E0003370FFF715FAFFF757FF00F0AFFC3B6868
:1076F000D3F84421BAB1D4F85035DBB2092BC5D048
:10770000D4F80041002CC1D1FFF762FF00F0D8FC93
:107710000121204600F0DEFB0120FFF725FA0F4B88
:1077200001229A61B2E701221A60AFE7001000401F
:10773000CC3B0020B43C0020C83B002091500020EE
:10774000A83C002000E100E0D550002050010020BE
:10775000B3500020C03B0020ED7400000040014009
:10776000F8B51D4C23788BB32378012B31D01B4BFC
:107770001B4E00251D6000F06BFD336801271F6163
:10778000F9F7DCFCF9F7D4FC00F08AFB0320F9F7E9
:10779000DBFCF9F7BBFC134B4FF0FF32C3F8005290
:1077A000C3F80823C3F81051D3F810211F61D3F890
:1077B0001021002AFBD0336800204FF0FF32C3F8BD
:1077C0000002C3F8082301232370F8BD6FF00C00FA
:1077D000FBE76FF07700F8E7D5500020C03B0020B2
:1077E000500100200010004010B50C4C23789BB1D4
:1077F00003F001FD1420FCF741FB0120FCF73EFBE8
:107800000A20FCF73BFBFFF7ABFF054804F0A2F8AA
:1078100000F09EFD0023237010BD00BFD550002056
:1078200050010020F0B5054685B0002870D06E4E9E
:1078300033780BB1FFF7D8FF03F0C1FC04460028F2
:1078400068D16A4B6A681A60694A2B4605F11007CD
:10785000154618685968144603C40833BB422246CB
:10786000F7D1186820602B7803B9AB746148624F78
:1078700003F080FC00212022604804F0FCFB604BF8
:10788000002407F128001C605C60C7E9084403F08D
:1078900071FC5C48C0E90844283003F06BFC5A498D
:1078A0000B460134082C47F8043B03F12503F8D1BB
:1078B000564A544800230133082B40F8042B02F1A8
:1078C0002502F8D10022524B10460132082A1960D5
:1078D0001871986001F1250103F10C03F5D14D48B1
:1078E0002022002104F0C7FBAB89B3F5D97F0FD963
:1078F000287AFFF7E9F82B78012B8CBF002000F0E5
:1079000001006B7A012B34D0022B06D0002B39D02A
:107910006FF01504204605B0F0BD3F4A4FF6FF71E9
:10792000C2F83C15C2F834353C4BC2F83835002853
:10793000EED0394F687CFFF731FA4FF0E733C7F8E4
:107940001C354FF04333C7F82035354BC7F8243585
:10795000344BC7F828350023CDE90233324A334B84
:107960003348019301A903F0E1FF88B16FF00D04E2
:10797000D0E7294AFF21C2F83C15C2F8343540F25D
:107980000713D2E7244AC2F83C35C2F83435CCE7B5
:1079900000F014FC04460028BCD100F055FC254B37
:1079A0005860D7F85026EB7C22F001021343C7F849
:1079B000503601252246022114203570FCF780FA4A
:1079C000224621462846FCF77BFA224602210A205D
:1079D000FCF776FA1420FCF743FA2846FCF740FA45
:1079E0000A20FCF73DFA95E7D5500020B03C002076
:1079F000B43C0020D03B0020803C0020663D0020AD
:107A000089500020543C0020614F0020394E002056
:107A1000F43B0020D43B0020001000402110010066
:107A2000E743C323A363E313D16B000040420F007D
:107A300050010020D8000020F8B54D4E33780446A0
:107A4000002B00F08B804B4D6B78022B02D14FF056
:107A5000FF30F8BD10B96FF01500FAE703785A1E31
:107A60001F2A7ED82A7812B96A7C9A4279D3424872
:107A700003F07AFB072877DC6378072BEBD86A786A
:107A80002B78002A34D11BB96A7C23789A42E2D140
:107A90003A4B196A53F82110224604F1240052F897
:107AA000047B41F8047B8242F9D112780A70607835
:107AB00033490A5C013202F003020A541A6A607800
:107AC00053F82220095C11711A6A2B480132082AE6
:107AD00028BF00221A6203F066FB6B782A7C1343EE
:107AE00004D13378012B01D1FFF792FB0020B0E7DE
:107AF000002BACD0234A00231146107910BB0C2276
:107B00005343CF180122CB583A71B860224604F192
:107B1000240152F8040B43F8040B8A42F9D112787D
:107B20001A700120FCF7AAF96178174A52F821303F
:107B300073B942F82170104803F035FB0120FCF7BF
:107B40008FF9CAE70133082B02F10C02D5D1C4E743
:107B50001A469B68002BFBD19760ECE76FF00C0096
:107B600077E76FF0790074E76FF00B0071E700BF03
:107B7000D5500020B43C0020A83C0020803C0020D0
:107B800089500020F43B0020D43B002010B5214A4E
:107B900012780346002A34D0002835D01E4803F05E
:107BA000E3FA002833D01D4C626A54F82220127880
:107BB0001A70616A54F8211049785970616A54F852
:107BC000211091F902109970616A54F82110097915
:107BD0001971616A54F82110C978D970616A54F832
:107BE0002110581D053104F038FA636A0133082B5F
:107BF00028BF002304F12800636203F0C8FA0020C4
:107C000010BD6FF00C00FBE76FF01500F8E76FF0A8
:107C10003C00F5E7D55000207C3C0020543C00207F
:107C200038B535490B78012B63D1344C63784FF06C
:107C3000FF30002B4ED0324B0022C3F80803C3F8AC
:107C40001021D3F81001607802282E4843D1312446
:107C5000C3F80042C3F80C21D3F80C410824C3F840
:107C60000443026006230B70274B254D9A7CC5F810
:107C70003025DA7CC5F808251433BFF35B8F53E851
:107C8000001F21F0010143E80012002AF7D1BFF3E1
:107C90005B8F1E4BC5F804351D4B0222C3F88021B3
:107CA00000240120FCF7DCF8C5F80441D5F80431C4
:107CB000C5F80841D5F80831C5F810410120214622
:107CC000D5F8103100F006F9FEF792FF114B0122B2
:107CD0009A61204638BD40F21714C3F800420E4C9A
:107CE0000460C3F81021D3F810211022C3F8042334
:107CF000B8E76FF00F00EDE7D5500020B43C00204E
:107D000000100040C03B00203801002091500020AE
:107D100000E100E000400140156F000008B50A4A8C
:107D20001278012A0346D0B207D14BB11A68074B2B
:107D30001A60FFF781FB002008BD6FF00F00FBE722
:107D40006FF01500F8E700BFD55000203801002083
:107D500008B5094B1B78012B08D150B1074B0268BD
:107D60005A600220FFF768FB002008BD6FF00F008B
:107D7000FBE76FF01500F8E7D55000203801002030
:107D800010B50F4B1B78012B0C4613D1A8B1082955
:107D900013D80A4601460B4804F05FF90A4AFF234C
:107DA0001474C4F10804234104209374FFF744FBC6
:107DB000002010BD6FF00F00FBE76FF01500F8E733
:107DC000D55000204001002038010020642807D849
:107DD000064B1B78012B06D1054BD8740020704749
:107DE0006FF0150070476FF00F007047D5500020FE
:107DF00038010020184BD3F81C15D3F820254A4031
:107E0000024228D1D3F82415D3F82825C1F307203E
:107E1000CBB2834214D0C1F30740834210D0B3EBFE
:107E2000116F0DD0D1B28B420AD0C2F307218B4221
:107E300006D0C2F307418B4202D0B3EB126F0AD1D6
:107E4000054AD2F8743723F0807323F0010343F01E
:107E50008073C2F874377047001000400C4B0D4916
:107E60001A78D30003F1804303F5F833C3F81015F3
:107E70000949C3F8141501F5A83120B102F51173B1
:107E8000064841F8230001239340C1F804357047A8
:107E9000D85000201841014000A0004044A00040FC
:107EA0000A4B0B481A7801239340C0F80835D300D9
:107EB00003F1804303F5F83302F511720021C3F892
:107EC0001015C3F8141540F822107047D850002040
:107ED00000F00140F0B52B4B2B4C1B782B4FDA00F8
:107EE00014442B4A0025C2F81851D2F81821294A07
:107EF00015788000EA00C0B202F1804202F5F83243
:107F000000F1804000F58050C2F81075C2F81405E9
:107F1000214A05F5117042F82040204A2048167881
:107F2000F20002F1804202F5F8320124C2F8100595
:107F300000F5973000F58470C2F8140504FA06F6CF
:107F400004FA05F0304369B1164A174E1178CA0099
:107F500002F1804202F5F8328C40C2F810752043DD
:107F6000C2F814659B0003F1804303F5F833012246
:107F7000D3F80018AA400A43C3F80028064BC3F8F8
:107F80000405F0BDD650002004F001401841014026
:107F900000400140D950002000F00140D75000209F
:107FA00010110040D850002000A0004030B5224BF6
:107FB0001C78224B1B78012000FA04F200FA03F52A
:107FC0002A4319B11E4D2D78A8400243E0001D4DF3
:107FD00000F1804000F5F830DB00C5F8082503F11A
:107FE00080430022C0F8102503F5F833C0F81425AB
:107FF00004F5117045F82020C3F81025C3F81425A6
:1080000051B10F4B1B78DB0003F1804303F5F833CC
:10801000C3F81025C3F814250B4B1B789B0003F104
:10802000804303F5F8330121D3F80028A14022EA68
:108030000102C3F8002830BDD9500020D7500020DD
:10804000D850002000F00140D6500020154B1649B2
:1080500016480022C3F81821D3F81831144B1B78A6
:10806000DA0002F1804202F5F832C2F8101501F58B
:10807000973101F58471C2F814150E4A1178CA00BF
:1080800002F1804202F5F832C2F810050A48C2F83F
:108090001405012202FA03F38A401343074AC2F887
:1080A00004357047004001401011004044A10040D9
:1080B000D7500020DA5000200010004000F00140AE
:1080C0000F4B1A780F4B1B78012101FA02F09940EF
:1080D000D200DB00014302F180420B4803F18043F0
:1080E00002F5F83203F5F833C0F808150021C2F89C
:1080F0001015C2F81415C3F81015C3F814157047FD
:10810000D7500020DA50002000F00140134B1449F2
:108110001B781448DA0002F1804202F5F832C2F806
:10812000101501F50F410C31C2F814150E4A1178E3
:10813000CA0002F1804202F5F832C2F81005A0F53B
:1081400011403038C2F81405012202FA03F38A40C4
:108150001343064AC2F80435704700BFDC500020C4
:108160000411004040A10040DB50002000F001401D
:108170000F4B1A780F4B1B78012101FA02F099403E
:10818000D200DB00014302F180420B4803F180433F
:1081900002F5F83203F5F833C0F808150021C2F8EB
:1081A0001015C2F81415C3F81015C3F8141570474C
:1081B000DC500020DB50002000F0014008B500201A
:1081C00000F0F6F9002802DA6FF0120008BD174B34
:1081D0001870002000F0ECF90028F5DB144B187043
:1081E000002000F0E5F90028EEDB124B18700020AB
:1081F00000F0DEF90028E7DB0F4B1870002000F0DC
:10820000D7F90028E0DB0D4B1870002000F0D0F902
:108210000028D9DB0A4B1870002000F0D5F900289F
:10822000A2BF084B18700020D0E700BFD950002033
:10823000D7500020D8500020DC500020DB50002018
:10824000DA500020D650002000487047101100403E
:10825000F0B5374B1F78374B1C78374B1D78374BB1
:108260001978374B01261A7806FA07F006FA04F354
:1082700006FA05FC034343EA0C0306FA01FC43EA51
:108280000C0306FA02FC43EA0C03DFF8B8C09CF8C2
:1082900000C0E40006FA0CF64FEAC70C33430CF1B9
:1082A000804C294E04F1804404F5F8340CF5F83C78
:1082B00007F51177C6F808350023CCF81035C9004A
:1082C000CCF81435D20046F82730C4F81035C4F87D
:1082D0001435EC0004F1804401F1804102F1804248
:1082E00002F5F83204F5F83401F5F83105F51175A9
:1082F000C4F81035C4F8143546F82530C1F81035E7
:10830000C1F81435C2F81035C2F81435C6F8103566
:10831000C6F814350D4B1B789B0003F1804303F521
:10832000F833D3F8002822EA0002C3F80028F0BD91
:10833000D9500020D7500020D8500020DC50002019
:10834000DB500020DA50002000F00140D650002021
:1083500008B5124B0020197800F030F9104B0020BE
:10836000197800F02BF90F4B0020197800F026F94E
:108370000D4B0020197800F021F90C4B00201978E2
:1083800000F01CF90A4B0020197800F017F9094B8E
:1083900000201978BDE8084000F01EB9D95000202F
:1083A000D7500020D8500020DC500020DB500020A7
:1083B000DA500020D6500020BFF34F8F0549064BFE
:1083C000CA6802F4E0621343CB60BFF34F8F00BF73
:1083D000FDE700BF00ED00E00400FA05024AD2F814
:1083E0000034002BFBD0704700E0014010B54FF087
:1083F0008053D3F83021082A4ED14FF0804200211B
:10840000C2F80C11C2F81011C2F8381502F540423A
:10841000D3F80414C2F82015D3F80814C2F82415B0
:10842000D3F80C14C2F82815D3F81014C2F82C1580
:10843000D3F81414C2F83015D3F81814C2F8341550
:10844000D3F81C14C2F84015D3F82014C2F8441510
:10845000D3F82414C2F84815D3F82814C2F84C15E0
:10846000D3F82C14C2F85015D3F83014C2F85415B0
:10847000D3F83414C2F86015D3F83814C2F8641570
:10848000D3F83C14C2F86815D3F84014C2F86C1540
:10849000D3F84434C2F8703502F0CAFE18B13C4B30
:1084A0003C4AC3F88C2602F0C3FE18B13A4BFB22BB
:1084B000C3F8182502F0BCFE58B14FF080424FF0CF
:1084C0008051D2F8E43ED1F8581261F30303C2F8A8
:1084D000E43E02F0ADFE20B1304B4FF40072C3F821
:1084E00040264FF08053D3F83031082B17D14FF08E
:1084F0008043D3F80024D20744BF6FF00102C3F8D1
:1085000000244FF08053D3F83431042B81BF4FF057
:108510001023D3F808224FF08043C3F858254FF0BA
:108520001021D1F80C32DB0714D51D480123C0F807
:108530000435FFF753FFD1F80C3223F00103C1F8E3
:108540000C32FFF74BFF0023C0F80435FFF746FF5E
:10855000FFF732FFD1F80032002B03DBD1F80432F1
:10856000002B14DA0E4901234FF01020C1F8043516
:108570001224FFF733FFC0F80042FFF72FFFC0F8C7
:108580000442FFF72BFF0023C1F80435DEE710BDDE
:10859000005000404881030000F00040009002407D
:1085A00000E00140014B1860704700BFC83C00204C
:1085B000014B186802F04EBEC83C0020014B186801
:1085C00002F066BEC83C0020024B1868043002F07E
:1085D00041BE00BFC83C0020024B1868043002F0C6
:1085E00057BE00BFC83C0020014B00201B68184745
:1085F000CC3C0020014B1B68184700BFCC3C00203E
:1086000010B50C4C237993B9012323710A4B2060D8
:10861000002818BF184600F04BF850B923680748E7
:10862000002BBDE8104008BF184600F091B86FF06D
:10863000770010BDCC3C0020E9850000F5850000E6
:1086400008B5064B1B682BB10020FBF72BFC08B9C3
:10865000FBF706FC024B01221A7008BDCC3C00203F
:10866000DD50002038B54FF080440123C4F80833B2
:1086700063600023C4F80031D4F8003142F2107571
:10868000D4F80C24D4F80C34D20307D5DB0705D575
:10869000012002F0DDFD013DF2D138BD02F02CFEDB
:1086A0000028FAD0014B00225A71F6E7D43C002092
:1086B00010B508490C794CB9012308600B7102F020
:1086C0001BFE08B9002010BD4C71FBE76FF077006E
:1086D000F9E700BFD43C00204FF080430022C3F8EC
:1086E0000021D3F80021094901221A60096811B15B
:1086F000C3F804237047D3F80021002AFBD00022DE
:10870000C3F80021D3F80031704700BFD43C0020EB
:1087100010B54FF08043D3F80423D20715D5D3F812
:10872000002192B10022C3F800210121D3F80021D9
:10873000C3F8081302F0E0FD044B10B15A7922B9D6
:108740005971BDE810401B68184710BDD43C00208B
:10875000074A137943B90121106011714FF080422B
:108760001846C2F8183570476FF07700704700BFA1
:10877000DC3C002010B54FF080431D4CD3F818149A
:10878000D3F8182411F4803F1AD002F00302012A12
:1087900001D092B900224FF08043C3F8182500227F
:1087A000C3F80421D3F8042101229A6022688AB90F
:1087B000D3F80421002AFBD014E002F0AEFDE9E773
:1087C000D3F81424D107E5D5D3F81C249207F4D4A8
:1087D00022681AB10222C3F8042310BDD3F8042181
:1087E000002AFBD00022C3F80421D3F80431F4E7B7
:1087F000DC3C0020F8B54FF08043194FD3F8044318
:10880000012504F01A04002604B9F8BDB4FA84F076
:10881000C0F11F00830003F580739BB203F1804316
:1088200005FA00F2196892B224EA02040029EBD09A
:108830001E601B684FF08043022AC3F808230BD147
:10884000D3F81814D3F81814890705D1C3F81855AC
:10885000C3F804239D60D7E73B68C0B29847D3E7CD
:10886000DC3C0020036803F01F025B09026004D0B7
:10887000012B034818BF002070474FF0A0407047FD
:1088800000030050034A430900F01F00D35C184462
:10889000C0B270473BC70000024611F0010030B57E
:1088A00015D18B07C1F3400022D51249D1F820051C
:1088B00050604FF08052C1F82005D2F83021082ACC
:1088C00008BFD1F82025003818BF012010E04FF074
:1088D000A0444FF08055D4F820351360C4F82035FB
:1088E000D5F83051082D08BFD4F82045002BD8D03A
:1088F00030BD00BF00030050F7B504460846FFF73F
:10890000C1FF04EB40060D46B38ADB072AD520469B
:1089100002F006FE2946204602F072FD50B12046C4
:1089200002F084FD276807EB80000023C0F81035B3
:10893000C0F810352946204602F0A1FD0021B18281
:1089400001A80195FFF78EFF019B00EB8300074B09
:10895000D0F80027134043F00203C0F80037084660
:1089600003B0F0BD6FF01500FAE700BFF0F8FCFFB0
:10897000014802F08DBC00BF6401002010B504481E
:108980000C4602F067FC0028A4BF2070002010BD38
:10899000640100202DE9F04F074689B057F8049B89
:1089A000D9F80413C9B28346082241F00041484671
:1089B00002F08EFD051E2FDA0023032106A8CDE963
:1089C0000633FFF769FF634B01930DF118084FF071
:1089D000000A019A604912F8013B0192DA0803F09B
:1089E00007038A5C22FA03F3DB071CD40AF10103B4
:1089F000022B08F104084FF0010AEAD14FF00041C0
:108A00000022484602F064FD032106A8FFF744FF58
:108A10000028D8D125F000450124002D40F08480A5
:108A200009B0BDE8F08F4D4B53440293D8F8006075
:108A3000002EDBD0029B96FAA6F61C78B6FA86F6D4
:108A400046EA44142046FFF71DFF0BEB4000F208F6
:108A5000818A18F802000594C1F3820303930093FE
:108A600006F00706012303FA06F620EA060008F8D6
:108A7000020005A8FFF7F6FE059A039B02F5E072D7
:108A800011F0100F50F82260C6F3014633D0009A5F
:108A90003846214602F0D4FC05A80594FFF7E2FE13
:108AA000059B03F5E073F6B250F82330C3F301439E
:108AB0009E4207D10021204602F093FC3146204619
:108AC00002F08FFC05A80594FFF7CCFE059B012260
:108AD00002FA03F3C0F820354FF08053D3F8303159
:108AE000082B01BFD0F82035D0F82035D0F820353C
:108AF000D0F820359AE7022E14BF02210321204628
:108B0000039302F06EFC039B032B03D0022E07D1CC
:108B1000012BD7D1009A2146384602F091FCD1E7CB
:108B2000032ECFD1022BF4E795FAA5F3B3FA83F322
:108B300004FA03F225EA020503F5A2720BEB4303E4
:108B400059F82220B3F87C10C2F30142384602F0F3
:108B500077FC62E74BC70000F0C400004BC7000081
:108B6000044AD2F80034DB07FBD50160BFF35F8F06
:108B7000704700BF00E001404FF080531A69B0FB1E
:108B8000F2F302FB13036BB9084B0222C3F804256E
:108B9000C3F80805D3F80024D207FBD50020C3F89A
:108BA000040570476FF00C00704700BF00E0014003
:108BB00010B5054C0123C4F80435FFF7D1FF00239D
:108BC000C4F8043510BD00BF00E0014010B5174CDB
:108BD00023783BBB0278C2F3400392070FD54FF0D6
:108BE0008053D3F83021082A08D1D3F83431022B2E
:108BF00002BF4FF080430122C3F8382601234FF013
:108C00008042C2F88035037803F00103C2F878355A
:108C10000020FBF747F908B9FBF722F9012323707D
:108C2000002010BD6FF07700FBE700BFDE50002092
:108C30004FF080434FF46072C3F80823014B0022C9
:108C40001A607047E43C002008B5FFF7F1FF0368A5
:108C50000BB1014A136008BDE43C002010B54FF091
:108C60008043D3F80443620707D54FF4847002F0C1
:108C70003CFE10B11E4B1B689847A30608D54FF465
:108C80008A7002F032FE18B11A4B00201B68984718
:108C9000600608D54FF48C7002F027FE18B1154B12
:108CA00001201B689847210608D54FF48E7002F00A
:108CB0001CFE18B1104B00201B689847E20508D530
:108CC0004FF4907002F011FE18B10B4B01201B689D
:108CD0009847A3050AD54FF4927002F006FE28B11A
:108CE000054BBDE810401B680220184710BD00BFAF
:108CF000EC3C0020E83C0020E43C0020F8B51B4A96
:108D00000C68B2FBF4F304FB132565BB94422AD82C
:108D10005A1E12EA030526D1B3F5007F23D8026854
:108D20000F79D2F804454E7967F30104C2F804457F
:108D3000D2F8081593FAA3F3B3FA83F366F30101AB
:108D4000C2F80815C2F810350068402300F580729B
:108D5000D550D1580433582BFAD140F30730FBF7E4
:108D60007FF80020F8BD6FF01500FBE70024F40049
:108D700070B50546C8B1047874B10D4C0D4EB442BF
:108D800001D3002408E02168A94207D1204602F05F
:108D900034FE002808BF0024204670BD2846F8F79E
:108DA00076FB0028F2D01C34E9E70446F4E700BF64
:108DB00030C10000BCC1000038B5EFF3118540237D
:108DC00083F31288BFF36F8F064B9C6802F028FE76
:108DD00085F31188BFF36F8F2046BDE83840FBF75D
:108DE00011B900BFF03C002038B50A4B53F82040C1
:108DF000013053F82050A54200D838BD606830B12A
:108E0000037EDB0701D402F0E0FD0834F3E72368BA
:108E10009847FAE7F4C4000070B52A4B2A4C2B4D52
:108E200086B0012203201A70FFF7DEFF03F0F0F88E
:108E30000420FFF7D9FF2646AE4204F130040FD3D9
:108E400000F0CEFE204CAC4226D300F0DDFEF9F758
:108E50004DFA1F4A938923F00103938106B070BD38
:108E600054F80C3C059354F8103C049354F8143C0B
:108E7000039354F8183C029354F81C3C019354F8A3
:108E8000203C009354E90A2354E90C0100F0A8FCAB
:108E900054F8303C5E65CEE7D4E90A23B3F1FF3FD6
:108EA00008BFB2F1FF3F05D052EA0301206803D1A9
:108EB00003F013F83034C6E70649183001F0D6F84D
:108EC000F8E700BFDF5000203CC300003CC30000B7
:108ED0003007002035BE000070B5002386B00122A7
:108EE000CDE90423134E144D01930F22CDE9023234
:108EF0001249142303FB005506EBC01604464FF439
:108F0000C07000FB04110E4B00954FF4A072304668
:108F100000F066FC337C0B4AEE6023F004033374EC
:108F20004FF4046304FB033313442C746B6006B0EA
:108F300070BD00BFB0060020F03C0020805D002026
:108F4000F3BA0000405500207FB50020FFF74CFF2A
:108F5000294B83F30888294C636943F400736361E8
:108F6000E02384F8223000252023E37725766576F8
:108F7000A57684F82050636A43F4E023636284F8A2
:108F80002350FAF7D7FEFBF727F84FF0FF33A36221
:108F9000E362FBF743F9FBF79FF81948194C00F01F
:108FA00097FCFBF74DFA0120FFF71EFF0220FFF7A9
:108FB0001BFF00F053FE144B14495C61144B0593E6
:108FC00001234FF40062CDE90353CDE90155114B64
:108FD0000095204600F004FC237C064623F00403A1
:108FE0002046237402F003FF2846FFF775FF094A65
:108FF00031462046FAF7D2FF805D002000ED00E008
:109000005008002030070020F03C0020005F0020C6
:1090100069C60000198E000038B5074C074DAC42F8
:1090200001D3002038BD204602F0FDFC08B91C34F5
:10903000F5E76FF01500F5E704020020200200209C
:1090400073B50C46EFF31181402585F31288BFF309
:109050006F8FC5685DB125602B68C360836901337C
:109060008361002081F31188BFF36F8F11E052EA12
:10907000030603D125606FF00B00F3E7CDE9002371
:109080000246083000F00AFD18B9034B9B685B6983
:10909000236002B070BD00BFF03C0020F7B50D4664
:1090A00004469DF82010EFF31187402080F31288CA
:1090B000BFF36F8F266AE06886423FD22668B442CB
:1090C00019D0C6B1304602F01FFD06F1180002F0BB
:1090D0005DFF54F8082F70692946002502F0BDFF96
:1090E0003046B56702F083FE2046394602F0B2FEF4
:1090F000284603B0F0BDA268A9B1E069294602F094
:10910000ACFFE369A26813446269E361934201D151
:109110002369E361236A01332362002087F3118806
:10912000BFF36F8FE5E7A0692369984208BF6069C4
:10913000801AA061294602F090FFEBE752EA030192
:109140000BD00749896804F108004D61CDE900237F
:109150003946224600F0A2FCCBE76FF02200DDE7A3
:10916000F03C0020F7B504460846EFF31186402195
:1091700081F31288BFF36F8F216A00293AD0A26869
:10918000A16902F06AFFA369A268256813446269B5
:10919000A361934204BF2369A361236AAC4203F134
:1091A000FF33236235D02846002D33D002F0ACFCCB
:1091B00005F1180002F0EAFE6969A268E06902F0B0
:1091C0004CFFE369A26813446269E361934204BF00
:1091D0002369E361236A0027013323622846AF67CE
:1091E00002F005FE04F10800314602F033FE384675
:1091F00003B0F0BD52EA030111D00A498968486101
:10920000CDE900233146224604F1080000F046FC77
:10921000EEE7002086F31188BFF36F8FE8E76FF069
:109220002200F7E7F03C00202DE9F3410446174601
:109230001E46EFF31188402383F31288BFF36F8F2C
:10924000304BC2689B6872B18068984217D057EA69
:10925000060216D188F31188BFF36F8F6FF00F00ED
:1092600002B0BDE8F08193F90E1021610132C4E92A
:10927000023288F31188BFF36F8F0020F0E7216975
:10928000F3E793F90E1090F90E30994230DA9942D3
:10929000A8BF194602F086FC0546CDE900761A48BB
:1092A0002246414600F0FAFB0028E6D0EFF3118693
:1092B000402383F31288BFF36F8FA068D0B1236877
:1092C00021699C420AD04BB193F90E309942A8BF54
:1092D00019466FF07F039942B8BF194602F062FC4D
:1092E00040B10948314602F0B5FD6FF00A00B7E71A
:1092F0000025D2E7002DF4D186F31188BFF36F8FDC
:10930000F3E700BFF03C0020E0500020F8B5836890
:109310000546002B3FD0234A926893423ED1C36852
:10932000012B03D9013BC3600020F8BDEFF3118787
:10933000402383F31288BFF36F8F0169806802F0C6
:1093400031FC2C68A54207D10023C5E9023387F31D
:109350001188BFF36F8FE7E7002CF5D0D4E9003216
:1093600013605A60237C002623F002032374C4E9AF
:109370000066A66004F1180002F008FEAC6094F9E3
:109380000E302B612046A66702F031FD06483946B3
:1093900002F060FDC8E76FF01500C6E74FF0FF3040
:1093A000C3E700BFF03C0020E050002037B5114675
:1093B000EFF31185402282F31288BFF36F8F0468A8
:1093C0009CB12368426823F003039442036008BF02
:1093D00043600121204602F068FC044685F31188B1
:1093E000BFF36F8F204603B030BD51EA0302F5D0C2
:1093F00000F10802CDE900131046294600F04EFBAB
:109400000028EFD1014B9B685C69EBE7F03C002042
:1094100070B5EFF31186402383F31288BFF36F8F8B
:109420000468A0421AD0CCB1D4E9003213605A606B
:10943000237C002523F002032374C4E90055A560B2
:1094400004F1180002F0A2FD2046A56702F0CFFC4F
:1094500031460848BDE8704002F0FCBCD0E9023259
:109460009A4218BF0133836086F31188BFF36F8F70
:1094700070BD00BFE050002013B5EFF31181402410
:1094800084F31288BFF36F8F846844B1013C846019
:1094900081F31188BFF36F8F002002B010BD52EA34
:1094A000030406D181F31188BFF36F8F6FF00F00B3
:1094B000F3E7CDE900230246014800F0EFFAECE7BC
:1094C000E050002070B50546EFF31186402383F38A
:1094D0001288BFF36F8F00232C68A54218D0BCB14F
:1094E000D4E9003213605A60227C002322F0020289
:1094F000C4E900332274A36004F1180002F046FDB1
:109500006FF00A03A367204602F071FC0123E3E732
:109510000022AA6023B986F31188BFF36F8F70BD54
:1095200031460248BDE8704002F094BCE050002093
:1095300007B5074B0093074907484FF0FF334FF437
:10954000806200F00DF9002003B05DF804FB00BF5D
:109550000CC5000040670020B00700202DE9FF4146
:10956000544E04464027EFF3118887F31288BFF367
:109570006F8FD4F88450F5B9022104F19C0002F0F9
:10958000B7FB002870D004F1940500220121284681
:1095900002F0C3FC0028F8D1002302934FF0FF3201
:1095A0004FF0FF33CDE90023414604F18C024248DD
:1095B00000F09CFCD7E7D4F888202B68C4F88430EE
:1095C000954208BFC4F88830D4F89C3043F00203B9
:1095D000C4F89C30EB6823F0040343F00103EB6014
:1095E0006B6888F31188BFF36F8F28469847EFF3B5
:1095F000118887F31288BFF36F8FEB68D80623F0CA
:1096000001023ED4EA60EB689A0717D5306823F070
:109610000203EB6090B10368002178B14268954283
:109620003DD10368002934D172683360904200D183
:109630007360002340F8083BFFF7EAFED4F89C3043
:1096400023F00203C4F89C30DB0530D4D4F8843016
:10965000003B18BF012388F31188BFF36F8F002BE5
:1096600081D000F003FB7EE7D4F89C30D90693D577
:10967000C4F89C0088F31188BFF36F8F04B0BDE875
:10968000F08123F01103EB6005F11000FFF7C0FE3D
:10969000B9E70B607368984208BF7160C9E701467B
:1096A0001BB11A6818461346B7E71A46FAE70023B3
:1096B000D1E700BF103D0020E0500020F8B5C3689E
:1096C0009A0704460E46C3F3400542D45F0742D4CE
:1096D0000B680BB983680B60E368D80744BFA368C5
:1096E000336037684CBF0225012557B31B4B9A687E
:1096F000D7F880309A421ED102F038FB80F001008A
:10970000C0B2D7F89C30D907C3F380021CD5F2B1A0
:10971000F8B100232360D7F8883073B9C7E9214432
:10972000384602F0F0FAE36843F00403E36033687C
:10973000A3602846F8BD0020E3E71C60C7F8884016
:10974000EEE76FF0150506E06FF0120503E01B076A
:10975000DFD56FF00F0500233360EAE7F03C00200F
:10976000F0B589B004460020C4E921000E9D04F143
:109770008C00C4E9230004F19400C4E9250055B32A
:109780002879002840F2011008BF0120C4F89C008D
:1097900000204FF0FF364FF0FF37CDE90330CDE921
:1097A0000100CDE906670D4B0094204600F064F8F7
:1097B00055B1296811B1204602F0DEFA6B791BB170
:1097C000A38943F00103A381204602F086FBC4F87D
:1097D000804009B0F0BD0120D8E700BF5D950000D2
:1097E0002DE9F043073285B022F007020E461F46EE
:1097F0001099818100F158037F32C0E91633044685
:10980000002322F03F020421836001743F2A0F9855
:10981000A073C4E90633E37306F14009A2F14008DE
:1098200005D883F31188BFF36F8F084602DFB518A0
:1098300029462046FAF71AF907300E9B20F0070058
:10984000A066C4E9189802930D9B01932D1A0C9BF6
:1098500000932A463B4631462046FAF76DFB00232B
:109860006365044B9B6803B1DB6EE366284605B075
:10987000BDE8F083F03C0020F0B587B000250595E9
:10988000109D04950F9D03950E9D0295DDE91276BE
:109890000D9D01950C9D00950446FFF7A1FFB6F1C3
:1098A000FF3F08BFB7F1FF3F05D056EA070305D1D8
:1098B000204602F012FB204607B0F0BD3A46334680
:1098C00004F11800014900F0D1FBF4E735BE0000B7
:1098D0000123037483810023C0E91833C366014B5D
:1098E00098607047F03C0020094A93686FF00A01C5
:1098F0009967084958674B6843F080534B600023D1
:1099000083F31188BFF36F8F9368986F704700BF20
:10991000F03C002000ED00E070B590F91020037CD1
:10992000002A2FDBD9062DD11A4C63F07F03224683
:10993000037452F8183FE169934207D1C0E900214E
:109940000860E0610FE09942F8D01B68002BF5D069
:1099500093F90E6090F90E50AE42F4DD5968C0E9FB
:10996000003108605860A569954200D005B9E568E6
:10997000A3681A7CD20606D1DA897F2A03D9AA699C
:109980000AB9636170BDAB4202D0284600F0F0FA1C
:109990006561F7E7F03C002038B590F91020037CB2
:1099A000002A014604DA03F07F03037402F0E7F9AA
:1099B0000D4D2A46AB6852F8184F944200D004B9B6
:1099C000EC688B4207D01A7CD20604D1DA897F2A50
:1099D00001D9A2692AB1A34202D0204600F0C8FAF8
:1099E00023466B6138BD00BFF03C0020B3F1FF3F60
:1099F00008BFB2F1FF3F03D00249183000F036BB78
:109A0000704700BF35BE0000034648B9EFF305823A
:109A100032B9064A51699268914201D0FFF764BF9A
:109A200083F31188BFF36F8F704700BFF03C0020B5
:109A300038B5184CA168E0690B68814214BF1A461A
:109A4000002249680B605960A368E1692AB9124A8B
:109A5000C3E900210B60E3610AE092F90E5093F92B
:109A60000E00854212DD5168C3E900210B6053608E
:109A7000A569094B9D4200D005B9E568A3689D42E0
:109A800002D0284600F074FA656138BD8A42DED003
:109A90001268DBE7F03C0020083D0020F8B50E4BD3
:109AA0000C4611460D4A98681060DDE90667EFF331
:109AB0001182402282F31288BFF36F8F9D6828467F
:109AC00002F06FF9284632463B46FFF78FFF2046EB
:109AD000BDE8F840FFF708BFF03C0020183D00202B
:109AE000F8B50446EFF31187402383F31288BFF3E0
:109AF0006F8F037C03F01F02002A0CBF0126002693
:109B000049B235D103F07F03037402F038F9294DCF
:109B1000037C817363F07F032A46037452F8183F75
:109B2000E869934207D1C4E900200460EC610DE0CC
:109B30009842F8D01B68002BF5D093F90EC08C45E5
:109B4000F6DD5968C4E900310C605C60AC69944290
:109B500000D004B9EC68AB689C4202D0204600F00B
:109B600007FA6C6187F31188BFF36F8F3046F8BD39
:109B70009B071CD5856802F002F981732B689D4212
:109B800009D16B68C4E900531C606C60EAE76A683D
:109B90009A42F6D01B68002BF3D093F90E208A422C
:109BA000F5DD5A68C4E9003214605C60DAE781735D
:109BB000D8E700BFF03C0020034648B9EFF3058228
:109BC00032B9064A51699268914201D0FFF78CBEC2
:109BD00083F31188BFF36F8F704700BFF03C002004
:109BE000EFF31181402383F31288BFF36F8F054B8E
:109BF0009A68D37B013BD37381F31188BFF36F8FD6
:109C0000704700BFF03C002070B5EFF31186402391
:109C100083F31288BFF36F8F0F4DAB68DA7B01328D
:109C2000DA732A4652F8184F944200D004B9EC680F
:109C30001A7CD20604D1DA897F2A01D9A2692AB115
:109C40009C4202D0204600F093F923466B613046D7
:109C5000BDE87040FFF7D8BEF03C0020024B03F196
:109C60001802C3E906227047F03C002070B5EFF3FC
:109C70001186402383F31288BFF36F8F1A4CA168BB
:109C8000E0690B68814214BF1A46002249680B60E4
:109C90005960A368E1692AB9144AC3E900210B603D
:109CA000E3610AE092F90E5093F90E00854216DD49
:109CB0005168C3E900210B605360A5690B4B9D42BD
:109CC00000D005B9E568A3689D4202D0284600F09F
:109CD0004FF965613046BDE87040FFF705BE8A4226
:109CE000DAD01268D7E700BFF03C0020083D002022
:109CF000F8B550EA010306460C4603D1FFF7B6FF5C
:109D00000020F8BDEFF31187402383F31288BFF3DF
:109D10006F8F124D124BA8681860FFF73DFEA868C0
:109D2000104923463246183000F0A0F9AA68137C87
:109D300043F00403137404463846FFF7D5FDAB68BF
:109D4000D3E90A23B3F1004F08BF002AD8D102F0AB
:109D500052F9201A20EAE070D3E700BFF03C00205F
:109D6000183D002035BE00000C490D4A08B58C4650
:109D70004FF4004E0021C0FB0EC100236046F7F7F0
:109D80002DFBC117FFF7B4FF054947F6FF7300220B
:109D9000E0FB0132DB0B43EA424008BD3F420F00CB
:109DA00040420F00014B9868704700BFF03C002014
:109DB0002DE9F84304468789EFF31186402383F3A6
:109DC0001288BFF36F8F037C190705D586F31188BE
:109DD000BFF36F8FBDE8F883D90943F008026FD154
:109DE0000274A36813B1204601F0D1FF04F11800FA
:109DF00002F0CCF8A56D04F15808A84511D04FF039
:109E0000000975B1284601F0C2FF05F1180002F003
:109E1000BDF8C5F878902846FFF77EFDA56DA845EA
:109E2000EFD1DFF8BC80D8F808309C4250D1EFF376
:109E30000589B9F1000918BF4FF00109D8F8185089
:109E4000284A954200D00DB9D8F80C50AB4202D048
:109E5000284600F08DF82046C8F8145000F071FF35
:109E6000B9F1000F02D02048FFF732FDD8F80830D2
:109E70009C4230D1EFF305836BBBA289D20711D589
:109E800086F31188BFF36F8F83F31188BFF36F8F51
:109E90000423184602DFEFF31186402383F3128870
:109EA000BFF36F8F3046FFF71FFDFB0792D50023EE
:109EB00083F31188BFF36F8F0423184602DF89E70D
:109EC00003F07F0343F00803037401F058FF88E7B1
:109ED0004FF00009B2E786F31188BFF36F8FE4E714
:109EE000F03C0020083D002050080020D3B5DDE9FB
:109EF0000667089CCDE90067FFF7D0FD1CB1034B56
:109F00009B685B69236002B0D0BD00BFF03C0020BD
:109F1000027C12F01F02034610D10A4988420DD07C
:109F20000949086868B1D9897F2909D893F90E20B1
:109F3000064B1B689A42B8BF00207047002070474C
:109F400010467047B0060020680100201C3D00202C
:109F5000044BC01A044BC0105843044B01221A543E
:109F6000704700BFD0080020ABAAAAAAE05000208A
:109F700070B50C4B0C4D1E7CFFF7CAFF182303FB7A
:109F800006550446284602F001F8084B00229A556F
:109F90003CB1621E28460649BDE87040D31700F068
:109FA00065B870BDF03C0020D0080020E0500020D3
:109FB000519F000038B5EFF31185402383F31288D9
:109FC000BFF36F8F0F4B104A9C681068A04206D1F8
:109FD000FFF7CEFF85F31188BFF36F8F38BD0021E7
:109FE0001B7C1160094AD35C002BF3D02046FFF79D
:109FF0008FFF0028EED0237CDB0601D1FFF718FD90
:10A000002046E5E7F03C0020183D0020E05000200D
:10A01000024B1868984208BF002070476C0100206E
:10A02000034B1B680BB9FCF745BD0020704700BF10
:10A03000203D002030B570B10B4B5B6898420AD0D0
:10A04000036843B1D3E90421D0E90445121941EB77
:10A050000501C3E90421D0E9003213605A600023EE
:10A06000C0E9003330BD00BF6C010020B3F1FF3FF9
:10A0700008BFB2F1FF3F2DE9F84F04469946154657
:10A080001F467AD08160EFF31188402383F3128852
:10A09000BFF36F8FB9F1000FDFF8E4A020DBFFF70B
:10A0A000BFFFDAE90027013549F100092D1849EB16
:10A0B000E073C4E90453AD18064643EB07074FF0BD
:10A0C0000109FFF7A5FFDFF8BCE0DEF804A00346B6
:10A0D000EBB9C4E900EACAF80040CEF8044028E031
:10A0E000DAE900126FF001035B1A4FF0FF3161EB08
:10A0F00002025B1B62EB0902012B72F10001BCBF83
:10A1000001230022C0E904324FF00009D9E7D3E966
:10A11000041CD4E904208A4270EB0C0B24DA891A5F
:10A120005A686CEB0000C3E90410C4E90032146003
:10A130005C60FFF76DFF84420ED1134B1B685BB967
:10A14000B9F1000F02D1FFF76BFF0646304601F070
:10A1500006FF0021FCF780FC88F31188BFF36F8FA6
:10A1600028463946BDE8F88F521A60EB0C0053457B
:10A17000C4E90420ADD01B68AAE700252F46EFE70D
:10A18000E80800206C010020203D00202DE9F04768
:10A19000DFF8A890DFF8A880C9F800000246FFF7B2
:10A1A00037FF0D4600260027D8E900134FEAE27E6C
:10A1B00050B1D0E9044CA2427EEB0C0A1BDAA41A7F
:10A1C0006CEB0E06C0E9044652184FF0000443EB56
:10A1D0000E032046C8E90023C9F8004001F0BFFE85
:10A1E0002146FCF739FC85F31188BFF36F8FBDE87A
:10A1F000F047FFF7DFBE611843EBE473C0E9046783
:10A20000C8E90013FFF716FF01224FF00043C0E931
:10A21000042385F31188BFF36F8F83689847EFF3AA
:10A220001185402383F31288BFF36F8FD9F8002084
:10A23000121BC9F80020FFF7EBFEB5E7203D002018
:10A24000E808002010B5EFF31184402383F312884F
:10A25000BFF36F8FFFF7E4FE054A0346D2E9000122
:10A26000181841EBE37184F31188BFF36F8F10BDB1
:10A27000E8080020F8B507460C46164601F076FDC2
:10A2800008B10020F8BD0D4B9B68DD6E002DF8D0A5
:10A29000221DF6D2EFF31184402383F31288BFF31B
:10A2A0006F8F47F004012846B04784F31188BFF34D
:10A2B0006F8F0028E5D040F8045BE3E7F03C002016
:10A2C0000146024A0020FFF7D5BF00BF8BA900005E
:10A2D00038B5064C064DAC4201D3002038BDD4E958
:10A2E0000112204601F095FE1434F4E7200200200C
:10A2F0002002002010B50A4C23681BB10123236003
:10A30000002010BD00F0F0F80028F7D00138062832
:10A3100003D8044B53F8200010BD034810BD00BF04
:10A32000243D002018C50000FE8FFFFFBFF34F8FB4
:10A330000549064BCA6802F4E0621343CB60BFF3E1
:10A340004F8F00BFFDE700BF00ED00E00400FA05FD
:10A3500010B4094B09490A4C4FF0FE32C3F80024EF
:10A360004968C3F80424C3F80824C3F80C24002364
:10A37000C4F8003510BC084700B00250740100203A
:10A3800000A00250D0E90012014BC3E9001270474F
:10A390007401002010B5044650B1636813F0685F83
:10A3A00005D0064A934202D000232360626010BDAC
:10A3B000034B04485B689847EFE700BF2C5F5CA93C
:10A3C0007401002034C50000C8B143680D4A9342AF
:10A3D00013D013F0685F0ED0012350E8002F194608
:10A3E00040E8001C9CF0000FF7D1012AF5D0BFF324
:10A3F0005F8F0020704704487047044870476FF42F
:10A40000E04070472C5F5CA9E98FFFFFEA8FFFFFF8
:10A4100080B14368094A93420AD013F0685F05D0BF
:10A42000BFF35F8F002303601846704704487047EE
:10A43000044870476FF4E040704700BF2C5F5CA990
:10A44000E98FFFFFEA8FFFFF10B5044620B1044BF0
:10A4500063600022226010BD0248FFF779FFF6E733
:10A460003A00003A5CC5000010B5D0E90023194C51
:10A470006360D0E90230C4E902302260164BD1F8A3
:10A4800000C0C3F800C0D1F804C0C3F804C013482A
:10A49000D1F808C0C3F808C0D1F80CC00969C3F8E6
:10A4A0000CC01961436813F0685F04D00C490023A5
:10A4B000C0E9003190470B48436813F0685F07D04C
:10A4C000074923680022C0E90021BDE81040184771
:10A4D00010BD00BF900100207C010020B0010020D1
:10A4E0002C5F5CA9A801002008B500F013F830B972
:10A4F00000F014F828B9064AC2F80C0A08BD032077
:10A5000008BD00F009F800F043F8042008BD00BFC2
:10A5100000B00250002070470020704710B5154869
:10A5200000F05EF800B110BD134800F059F80028A3
:10A53000F9D1124C204600F053F80028F3D1104B0B
:10A5400010481C6000F04CF80028ECD10E4800F0D8
:10A5500047F80028E7D10D4800F042F801460028EE
:10A56000E1D100F039F8044608B900F04DF8204672
:10A5700010BD00BFF0010020EC010020E801002028
:10A58000E0010020E4010020DC010020D8010020CF
:10A5900008B50B4800F02EF80A4800F02BF80A48DE
:10A5A00000F028F8094800F025F8094800F022F8E2
:10A5B000084800F01FF8BDE8084000F00FB800BFE1
:10A5C000F0010020EC010020E8010020E40100205F
:10A5D000DC010020D801002000207047704700BF38
:10A5E00008B5034B02681B6810689847002008BD37
:10A5F0009001002008B5034B02685B68106898471B
:10A60000002008BD9001002070B5094C094D20695B
:10A61000AB68984718B1084B08485B689847084AE8
:10A62000EB68206900211160BDE87040184700BF49
:10A630007C010020900100207401002080C50000F2
:10A64000403D00207047F0B5012304469AB2914284
:10A6500003D8490830F81100F0BD34F8026F1A46EB
:10A66000254635F8027CB74203D9013A25F802792C
:10A67000F7D120F812600133E8E708B501F0BFFC1C
:10A680004FF47A72A0FB020302FB0133C00B40EAD5
:10A69000434008BDBFF35B8F50E8003F40E8001225
:10A6A000002AF9D1BFF35B8F70471FB50023082242
:10A6B000CDE9023301930DEB020101AB00F097FBF2
:10A6C00080B9019B73B1012B04D09DF80800431E93
:10A6D0005842584100F110030DEB030010F8080C2C
:10A6E000F7F71CFA05B05DF804FBBFF35B8F50E889
:10A6F000003F013340E80032002AF8D1BFF35B8FFE
:10A70000704700EBC100408840087047F8B5034629
:10A71000FFF7F7FFB0FA80F0C0F11F0003EB800CE9
:10A72000CA00DCF81060171D0C4606328DB256B90F
:10A73000012101FA00F0D9680143D960CCF810403A
:10A74000DD539D52F8BDF1000431585AD85303EB44
:10A75000C0009E52C5805D52F4E710B500EBC10405
:10A76000E388994202F104010AD1012303FA02F2BB
:10A77000C36823EA0203C360002340F8213010BD00
:10A78000A28840F8213000EBC20100EBC300CB806F
:10A790008280F4E708B50346FFF7B3FFB0FA80F212
:10A7A000C2F11F021846BDE80840FFF7D6BF2DE9E9
:10A7B000F843B1FA81F3C3F11F0200EB82090646A8
:10A7C000D9F810700D4687B9C3F120034FF0FF345C
:10A7D0009C40F3681C4014D094FAA4F2B2FA82F2BE
:10A7E000131D56F82340214608E03C464FF003086D
:10A7F00021463046FFF785FFA84205D33046FFF7D4
:10A80000ACFF2046BDE8F88306EBC404B8F10108AC
:10A81000E488C9F81040D7D0A742E9D1D4E738B5C9
:10A820000446FFF76EFF0D46034611462046FFF72C
:10A8300068FF03449BB204EBC5055A006A802046BA
:10A84000FFF75FFF014424F8313038BD70B504468E
:10A85000FFF757FF0B4604EBC305511A9B1A89B249
:10A8600003444E009BB204EBC2006E805D00458045
:10A8700024F8321020461146FFF743FF014424F824
:10A88000313070BDF8B5002951D004680D1F2D1B63
:10A89000EE0825F007056219538813F0010306D16D
:10A8A00083F31188BFF36F8F0423184602DF31460C
:10A8B0002046FFF726FF304434F83030C01A864275
:10A8C00007D0002383F31188BFF36F8F042318464A
:10A8D00002DF538823F00103538031462046FFF7FF
:10A8E00010FF371804EBC7035B88DA0708D4394632
:10A8F0002046FFF74FFF3A4631462046FFF78FFFCD
:10A90000655B751B04EBC5035B88DB0709D429462F
:10A910002046FFF73FFF324629462046FFF77FFFDC
:10A920002E4631462046BDE8F840FFF7EFBEF8BDA1
:10A9300070B509B9002070BD056801F007030B333D
:10A94000CC0804EBD304AB689C4228BF1C462146CC
:10A950002846FFF72CFF06460028EBD00146284684
:10A96000FFF7CFFEA04207D932192846FFF76EFF46
:10A9700011462846FFF7CAFE05EBC602104653886B
:10A9800043F0010353800430D5E71146FFF7D0BFF1
:10A99000043A2DE9F843CC1D114424F0070421F0BA
:10A9A0000706A6EB04084FEAD807B7FA87F2C2F108
:10A9B0002405AD004FF000090735C2F12002ED0873
:10A9C00004604946A760C4F80C90920004F110009E
:10A9D00001F051FBAAB2530043F0010363807B1BDB
:10A9E0009BB204EBC5015800A4F80090488024F8FD
:10A9F0003520A6F8029024F8083004EBC703294656
:10AA00005A8842F001025A802046BDE8F843FFF719
:10AA10007DBE036800220BB9184670478B4210D1E7
:10AA20000B6842B942680360914200D14360002341
:10AA30000B600120704713604368994208BF426071
:10AA4000F5E71A461B68E6E7038B13F0070306D108
:10AA50000368002B18BF032008BF00207047022B9B
:10AA600005D1408BB0FA80F0400980007047012B7F
:10AA700004D10368002B18BF0520EDE700207047C4
:10AA800010B50C4600B111B96FF0150010BD081DCE
:10AA900000F0C6F80028F9D1A368032BF6D9F3E734
:10AAA0002DE9F0410D4607461946281D90461E46E1
:10AAB00000F0C7F8044638B13346424629463846C6
:10AAC000A446BDE8F0416047BDE8F08110B4EFF363
:10AAD0001182402484F31288BFF36F8F416110BC50
:10AAE0000121F7F721BF38B50C46054658B151B1E1
:10AAF0000B6843B14B6833B11C22002101F0BBFA53
:10AB00002C61002038BD6FF01500FBE7F8B5044656
:10AB10000E46FFF7B5FF051E3BDBEFF31182402326
:10AB200083F31288BFF36F8F638B278B4FF6FF7110
:10AB30008B4207F007072ED0062F2FD8DFE807F04B
:10AB4000182E082E180418006FF08505002303E066
:10AB5000013363830225012382F31188BFF36F8FD2
:10AB6000BBB100233A4631462046FFF799FF10E07B
:10AB700000233360636823B9C4E9006627B13D460A
:10AB8000E4E71E606660F9E702212046F7F7CCFE95
:10AB90003D462846F8BD6FF00A05D7E76FF004057B
:10ABA000D4E710B5EFF31182402383F31288BFF38B
:10ABB0006F8F048B04F00704022C0AD0012C0CBF09
:10ABC0006FF004006FF0850082F31188BFF36F8F80
:10ABD00008E0438B013B9BB2438323B92146F7F73F
:10ABE000A3FE204610BD2046EEE738B5A8B1A1B1BE
:10ABF000EFF31185402282F31288BFF36F8F048B2D
:10AC0000FFF707FF30B104F0070085F31188BFF3A9
:10AC10006F8F38BD6FF07700F7E76FF01500F8E73A
:10AC2000034658B1426802F00302012A03D0032A06
:10AC300004D1026812B10020986070476FF01500CF
:10AC400070474268816002F00302032A4FF000025D
:10AC500003460CBF006810465A607047704710F0FA
:10AC6000700F08D100F07F0310F0800F18BF103371
:10AC7000012098407047002070472DE9F8430646B0
:10AC80000F469046994604254B4642463946304683
:10AC9000FAF770F910F10B0F044603D1FEF7E6FF47
:10ACA000013DF1D12046BDE8F88300F0E9B8006825
:10ACB00040B150F8043C5B688B42A0F1040001D025
:10ACC0004068F5E77047006850B150F8043C5B6895
:10ACD0005B689B788B42A0F1040001D04068F3E7E9
:10ACE000704730B5006888B150F8043C5B681A6A58
:10ACF0001D7F04380023043ADCB2A54201D8406825
:10AD0000F1E7013312F833408C42F5D130BDFEE754
:10AD100001F0B1B901F0A1B9012801D1EFF3058328
:10AD2000FEF74AB801460068FFF7F6BF08B5F8F726
:10AD300099FEBDE80840F9F755B900210120FFF759
:10AD4000EBBF6FF08500704761B662B680F3118883
:10AD5000BFF36F8F704772B6002383F31188BFF380
:10AD60006F8FBFF34F8F30BF62B6BFF36F8F7047E7
:10AD700072B6002383F31188BFF36F8FBFF34F8F39
:10AD800020BF80F31188BFF36F8F62B67047202811
:10AD900009D9B0F1004F08D80138B0FA80F0C0F1FD
:10ADA0001F0040007047082070473E207047022374
:10ADB00081700371704700207047036942685B68C7
:10ADC00052681374C3F3072353740020704730B4E0
:10ADD00044680069457B35B1807B20B9206A30BC6E
:10ADE0000079FFF74ABF6FF00A0030BC7047406837
:10ADF000006A007BFFF759BF10B50369C0E905334E
:10AE00000023C360837F044613B1407AFAF744FFFE
:10AE10000123237700236377E377A37710BDFEF741
:10AE200003BAFEF773BA0378027903F00F011AB977
:10AE300051B14FF0FF3070470829FAD8012A03D1E9
:10AE4000C3F3C0000138704743F3C000704738B502
:10AE50000146F9F73DFC054660B1037A6BB108463F
:10AE60000024FAF79BFF2846AC77FFF7C5FF2C724A
:10AE7000204638BD6FF01500FBE76FF07700F8E76C
:10AE800070B504460E461546FAF7EAF830B906B929
:10AE900025B12046BDE87040FAF72AB970BD4FF0E1
:10AEA0008053D3F83021082A05D1D3F83401003873
:10AEB00018BF0120704700207047C343C3F3C0137D
:10AEC00000F00F0000EB0310704708B5FAF77EF9A9
:10AED000818208BD08B5FAF779F9EFF311834022B2
:10AEE00082F31288BFF36F8F02690A60027B2AB96E
:10AEF000807D83F31188BFF36F8F08BD0420F8E7CE
:10AF00000369C9B20C2202FB0133186C00F0070080
:10AF1000704770B50346C9B20069EFF3118640244B
:10AF200084F31288BFF36F8F0C2505FB0104246C9A
:10AF300014F0C00401D0A24210D105FB010001228F
:10AF40000264002086F31188BFF36F8F28B95B6815
:10AF500003EBC1035B689847002070BD4FF0FF30E2
:10AF6000F0E78022FFF7D5BFF8B5069F04690546D4
:10AF7000C9B2EFF3118C402080F31288BFF36F8FBA
:10AF80000C2606FB0146306C00F0070EBEF1010FE7
:10AF900011D1376400268CF31188BFF36F8F46B947
:10AFA0000C2000FB0144C4E90E236B6853F83130D8
:10AFB00098473046F8BD00F0C00087420CBF6FF0E4
:10AFC00077064FF0FF36E6E713B580240094FFF7CD
:10AFD000CBFF02B010BD10B40069CBB21C2404FB3F
:10AFE0000300002110BC10471046FEF711BA00F014
:10AFF000ADB9FDF7BFBB10B50C4600F068FC0023EF
:10B00000C4E90003184610BD38B505460C4600F0EB
:10B010005EFC002D07DBA84205D9401B84428CBF93
:10B020000020012038BD0020FCE770B50D46284601
:10B03000194616461C46FFF7E7FF38B124B12246F1
:10B040002946304601F009F8002070BD6FF0150068
:10B05000FBE743685B68D3F810350B60002070474E
:10B0600043685B6802EA010021EA0201C3F80805AF
:10B07000C3F80C150020704743685B680020C3F8D4
:10B080000815704743685B680020C3F80C157047CB
:10B0900043685B68D3F8042521EA02001140C3F835
:10B0A0000805C3F80C150020704730B503695868CF
:10B0B00000B30024884219D108688CB99C68586094
:10B0C000A14200D19860002008602AB15A680A6045
:10B0D0009A68596002B9996000200FE02846E9E7B4
:10B0E00020609868814208BF9C60ECE705680446D0
:10B0F000002DF3D1002AE9D16FF0150030BDFDF726
:10B1000049BC13B54FF080520829136E526E28BF08
:10B11000082112BA00921BBA0C460A4669460193EE
:10B1200000F09BFF204602B010BD00F150039B00D1
:10B130009BB203F1804303F5883300221A601B6839
:10B14000704708B5FBF724FB08BD036893FAA3F327
:10B1500018061A0A40EA136002F47F421B021043E9
:10B1600003F47F0318437047BFF35B8F0068BFF39E
:10B170005B8F704703460022BFF35B8F53E8000FDD
:10B1800043E800210029F9D1BFF35B8F7047BFF37B
:10B190005B8F50E8003F013B40E80032002AF8D1C5
:10B1A000BFF35B8F7047BFF35B8F50E8003F013305
:10B1B00040E80032002AF8D1BFF35B8F70471FB51B
:10B1C0000020FAF76BFF98B10023019303936946BF
:10B1D00001230293FFF79AFC002806DB029B9B07E2
:10B1E00002D0FEF743FDF9E7039805B05DF804FBD4
:10B1F0006FF01200F9E708B50020FAF74FFF20B111
:10B20000FFF7CFFC00EAE07008BD6FF01200FBE72B
:10B2100008B5F6F7FDF8002008BDFFF76BB808B5D4
:10B22000F8F70CFBF8F7E0FBBDE80840FFF762B861
:10B230004FF08053D3F83021082A03BFD3F83401EC
:10B24000B0FA80F0400900207047034600201847FC
:10B2500000F0B7BB10B502461168B1B1BFF35B8F08
:10B26000B1FA81F3C3F11F000123834021EA0303F4
:10B2700052E8004F8C4204D142E8003CBCF1000F80
:10B28000F6D1BFF35B8FE7D110BD6FF00B00FBE78A
:10B2900010B50368CB40DB0714D401238B40026850
:10B2A000BFF35B8F43EA020150E8004F944204D1A0
:10B2B00040E8001CBCF1000FF6D1BFF35B8FEED16C
:10B2C000002010BD6FF01500FBE710B1012802D07F
:10B2D0007047FDF74FBAFDF7FFB918B1012803D148
:10B2E00000F019B800F032B8704708B5FDF710FA51
:10B2F000BDE80840FDF77EBA4FF08053D3F8302107
:10B30000082A06D1D3F8340102288CBF002001207E
:10B31000704700207047FDF7A5B938B54FF080445D
:10B320000223C4F808330123E3600023C4F8043186
:10B33000D4F8043142F21075D4F81834DB0304D584
:10B340000120FFF785FF013DF6D138BDFFF7E5BFCE
:10B35000F7B5019001A8DDE9084716461D46FDF73F
:10B3600081FA019BB6F1000C18BF4FF0010C00EB05
:10B3700083000B1E18BF0123002D43EA4C030CBFB2
:10B380004FF0000C4FF00C0C002C43EA0C030CBFE8
:10B390004FF0000C4FF4E06C002F43EA0C03D0F8A0
:10B3A00000270CBF4FF0000C4FF4403C43EA0C0365
:10B3B00022EA030301B109780EB136787600194309
:10B3C0000DB12D78AD0031430CB12478240229430E
:10B3D0000FB13F783F040C433C43C0F8004703B033
:10B3E000F0BD1FB50DF10F03019300238DF80F1071
:10B3F00000931A461946FFF7ABFF05B05DF804FB52
:10B4000010B504460846FDF73DFA04EB4004207DE4
:10B41000C0F3401010BD10B504460846FDF732FADF
:10B4200004EB4004207DC0F3400010BD10B504467D
:10B430000846FDF727FA04EB4004A08A400B10BD34
:10B4400070B5044608461646FDF71CFA08300D464E
:10B4500034F81030DA0509D5C3F3432304EBC302F3
:10B46000314654F83330526828469847A3682BB1C8
:10B47000E26831462846BDE87040184770BD10B5F7
:10B4800004460846FDF7FEF904EB4000838ADA051E
:10B490001DD5C3F3432123F4F853838204F1120230
:10B4A00004F1720032F8023F13F4807F03D0C3F33B
:10B4B000432399420BD08242F4D104EBC103002212
:10B4C0005A6004F17800BDE81040FFF7E1BE10BDFE
:10B4D000F0B5034600F58074002005460127844638
:10B4E00095420AD1D3F87C2132B10022C3F87C21E5
:10B4F000D3F87C3140F00040F0BD25F0404607FA1B
:10B5000006F6314209D0D4F800E0BEF1000F04D0B5
:10B51000C4F800C0D4F800E0304301350434DFE75C
:10B5200038B504460D46FFF76BFFA8B12046FFF77C
:10B5300072FF88B92046FFF779FF22680123834014
:10B54000C2F80833236803EB8000D0F8103523F0ED
:10B550000303C0F8103538BD28460021BDE8384047
:10B56000FFF73FBF2DE9F043174685B00446084674
:10B57000FDF788F9D7F800800E460546B8F1000FB0
:10B580001ED02046FFF747FF18B12046FFF738FFCF
:10B5900020BB0023CDE900338DF80E308DF80F303D
:10B5A0000DF10F0243460DF10E013046FFF7D0FEBC
:10B5B00004EB4502938A23F0020343F001039382D4
:10B5C0007B689BB33146204693F80080D3F8049003
:10B5D000FFF721FF28B1B9F1000F1FD06FF0150060
:10B5E00027E004EB4500838A23F4604323F0200323
:10B5F0008382B9F1000F11D0B8F1030FEED87B6848
:10B6000021685B6893F800C04FEA8C031944B8F1D5
:10B61000000F11D1C1F81085C1F8108504EB450267
:10B62000938A23F01C0343EA88039382BB6843BBDD
:10B63000002005B0BDE8F083D1F8102522F0030208
:10B64000C1F8102522681344D3F8102522F44F3294
:10B6500022F44072C3F810253202D3F8101502F418
:10B660007C5242EA08420A43C3F8102504EB4C031B
:10B67000A3F87C60838A43EA4C3343F0200383823F
:10B68000CCE7D3E9007831462046FFF7F8FE002FDB
:10B69000CED063689F4206D004F17800FFF7DAFD50
:10B6A000002804DAC5E7A3689845F5D1002004EB2B
:10B6B000C003C3E9017804EB4505C0B2AB8A43EA95
:10B6C000402343F48073AB82B2E72DE9F043054693
:10B6D00085B0084616461F46FDF7D4F80C4680464E
:10B6E00026B32846FFF797FE18B92846FFF788FECD
:10B6F00018BB05EB4809B9F8143003F01C0313B16B
:10B700007378012B19D001238DF80F300023CDE978
:10B710000063721CB31C0DF10F012046FFF718FEE9
:10B72000B9F8143043F00303A9F81430002F3FD0C8
:10B7300021462846FFF76FFE20B96FF0150005B0CF
:10B74000BDE8F0833E782B6803EB86030022C3F844
:10B750001025C3F8102505EB48024FEA860C938AA2
:10B7600023F4604323F020039382787800B32968A0
:10B77000BF7861440004D1F8103523F4991323F401
:10B78000F853C1F81035230200F4403003F47C5321
:10B7900003433805D1F8105500F4801003432B43C0
:10B7A000C1F81035938A43EA463343F0200393826D
:10B7B0000020C4E7C0E90312704770B5044615467F
:10B7C000FFF71EFE48B10846FDF75CF804EB4004A5
:10B7D0000020A38A5B0B2B7070BD6FF01500FBE798
:10B7E00038B590F88C4005469CB96022214614304B
:10B7F00000F041FC2868C0F87C41D0F87C3140F36F
:10B800000730F8F72DFB012385F88C30AB67204615
:10B8100038BD6FF07700FBE790F88C00003818BF58
:10B8200001207047FDF768B82DE9F341044617463B
:10B83000FFF7E6FD0D462668F0B12046FFF7EBFD69
:10B840008046C8B92046FFF7F1FD820002F58073FB
:10B8500046F80380F35823681344D3F8102542F0C8
:10B860000102C3F8102527B1226801238340C2F8E2
:10B87000043302B0BDE8F081D6F80433002BA4BF36
:10B880004FF00043C6F804332846FCF7FBFF04EBF7
:10B890004004A38AC3F38203042B12D0052B12D0D9
:10B8A00001A80195FCF7DEFF019BD0F81015D940E7
:10B8B00001F001010231284602B0BDE8F041FFF776
:10B8C00090BD0321F7E70221F5E7FFF729BE4FF00E
:10B8D00080531A695869504370474FF08053186974
:10B8E00070474FF080535869704700F180431A68E1
:10B8F000002A1FBF00221A601B68012008BF002019
:10B9000070474FF080434FF46072C3F804237047D0
:10B910004FF080434FF46072C3F80823704708B5B6
:10B92000FDF79CF9BDE80840FFF7DFBC38B5057BA3
:10B93000044665B9426041B18B688360FDF7DEF96A
:10B94000B0FA80F35B09237338BD0846F8E76FF05F
:10B950007700F9E710B50446006840F30730F8F7C0
:10B960008DFA2268D2F800320023C2F80032226831
:10B970004FF0FF31C2F808132268012111612373CF
:10B9800010BDF8B50368D3F8045304460126002718
:10B9900005B9F8BD95FAA5F3B3FA83F3980006FA52
:10B9A00003F300F5807025EA030523681A58002A7E
:10B9B000EED01F501B586368002BE9D0A168984750
:10B9C000E6E708B1F8F71ABD704710B543690446B9
:10B9D0003BB90020E268537843F0010353704042C2
:10B9E00010BD98470028F4D00028B8BF4042E36853
:10B9F000FF28A8BFFF201870ECE740B1C368587853
:10BA000010F001001EBF1878B0FA80F040097047AE
:10BA1000EFF31183402383F31288BFF36F8FFEE7A8
:10BA200008B5FFF7F5FF10B542696AB1836842EACD
:10BA30000301890708D10169A2FB011424B95B182D
:10BA40002CBF0121002102D36FF0150005E0C16079
:10BA50009B1A02698A4201D8002010BDC2681A6090
:10BA60004269C36001319B1AF3E710B5C0E90432A3
:10BA70000023816083610446FFF7D5FF08B9C4E95C
:10BA8000004410BD2DE9F04105460F46EFF3118843
:10BA9000402383F31288BFF36F8FC668F6B904683A
:10BAA000A0421BD0D4B1D4E9003213605A60237C89
:10BAB000A66023F002032374C4E9006604F11800B1
:10BAC00000F064FA2046A667676100F090F94146ED
:10BAD00005F10800BDE8F04100F0BCB93E60AB697B
:10BAE000EF60013BAB6188F31188BFF36F8FBDE856
:10BAF000F08108B54024EFF3118384F31288BFF37B
:10BB00006F8FFFF728F9F6E7D0E9003213605A602B
:10BB1000027C002322F00202C0E900330274836039
:10BB2000704713B501240094FDF7B8FA02B010BDB8
:10BB3000F8B50546EFF31186402383F31288BFF36F
:10BB40006F8F0468A04219D0C4B12046FFF7DCFF14
:10BB500004F1180000F01AFA6FF02207A7672046D8
:10BB600000F045F92C68A54215D0A4B12046FFF796
:10BB7000CBFF04F1180000F009FAEFE700230022E0
:10BB80002A62EA69AA6143B1314605F10800BDE8BD
:10BB9000F84000F05FB90123F1E786F31188BFF3A5
:10BBA0006F8FF8BD90F90E308B4201D0FDF798BF32
:10BBB0000020704703460020C3E90200C3E90033B8
:10BBC0007047D0E9003213605A60027C002322F0F3
:10BBD0000202C0E900330274836070472DE9F84324
:10BBE000904604469DF820200D46EFF31187402132
:10BBF00081F31288BFF36F8F02B14568A66804F124
:10BC00000809B14515D0A6B13046FFF7DAFF002488
:10BC100006F1180000F0BAF93046B467C6F814808F
:10BC200000F0E5F84846394600F014F92046BDE832
:10BC3000F883A3B10820FEF743FB002832D001228D
:10BC4000C0F804800260016801F003015DB9226858
:10BC50000A430260626820606AB960600BE0C8F85D
:10BC600000304046EFE72A68032A10D80160616877
:10BC700039B9C4E90000002087F31188BFF36F8F42
:10BC8000D5E70A6802F0030202430A60E5E722F002
:10BC900003020A4302602A6802F0030240EA020338
:10BCA0002B60E8E76FF00B00E6E710B5044630B113
:10BCB0000268930703D0446809B100F0A2F9204656
:10BCC00010BD07B50123009300230A461946FFF76C
:10BCD00085FF03B05DF804FB3AB18A4205D3C0E9A1
:10BCE0000212C0E90000002070476FF01500704795
:10BCF000026801238B4022EA0303036022FA01F069
:10BD000000F00100704720B1002211468C3000F095
:10BD100004B9704738B504460D461022002100F0E2
:10BD2000AAF9656038BD13B501900846EFF3118498
:10BD3000402383F31288BFF36F8F01A9FDF7BEFC88
:10BD400084F31188BFF36F8F02B010BD10B5FFF7F9
:10BD5000EAFF041E08DDEFF31180402383F312880D
:10BD6000BFF36F8FFDF728FF204610BDEFF305806E
:10BD7000003818BF012070476FF057007047D0E9B6
:10BD8000003213605A600023C0E90033704708B5E1
:10BD9000FFF7F5FF037C23F00203037400238360A5
:10BDA00008BD38B504460D46FDF7F6FD237C43F08B
:10BDB00002032374D5B1A5602B689D4209D16B683D
:10BDC000C4E900531C606C6010E06A689A42F6D0C7
:10BDD0001B68002BF3D093F90E1094F90E209142BA
:10BDE000F3DD5A68C4E9003214605C6038BD10B5F8
:10BDF000EFF31184402383F31288BFF36F8FFDF7B5
:10BE00008BFD84F31188BFF36F8F10BD08B5037CE1
:10BE100013F0280F01460CD183680BB1FFF7B7FF71
:10BE20000B7C23F004030B740846BDE80840FDF7C3
:10BE300073BD08BD10B5EFF31184402383F312885E
:10BE4000BFF36F8F1838FFF7E1FF84F31188BFF35A
:10BE50006F8F10BD0846FDF7D7BD38B5046805469D
:10BE6000AC424FF0000000D138BD002CFCD0204681
:10BE7000FFF78DFF04F1180000F088F82046FDF769
:10BE80004BFD2C680120A542EDE710B5EFF31184BE
:10BE9000402383F31288BFF36F8FFFF7DEFF84F335
:10BEA0001188BFF36F8F10BD38B50C460546FDF7FE
:10BEB0001FFFB4F1FF3F08BFB5F1FF3F1FBF47F6BB
:10BEC000FF7300224FF47A71E0FB01321ABFD80BE6
:10BED00040EA42404FF0FF3038BD38B50446EFF33A
:10BEE0001185402383F31288BFF36F8F037C5B07B8
:10BEF0000ED5183000F04AF8237C23F004032046C6
:10BF00002374FDF709FD2846BDE83840FDF77CBDE8
:10BF100085F31188BFF36F8F38BD38B5EFF3118506
:10BF2000402383F31288BFF36F8F0468A04212D0BE
:10BF30009CB1A16762612046FFF729FF04F1180058
:10BF400000F024F82046FDF7E7FC012085F3118876
:10BF5000BFF36F8F38BD0020F8E72046F6E708B53D
:10BF60000246FEF755F870B1D0E904319B1A61EB37
:10BF7000E272B3F1004F72F1000104DA002AACBFA3
:10BF80001846002008BD6FF00040FBE738B50246B8
:10BF9000EFF31185402383F31288BFF36F8F03689B
:10BFA000D3B1FEF735F804461046FEF743F80022F9
:10BFB0004FF000438442C0E9042305D0002085F3FC
:10BFC0001188BFF36F8F38BDFEF72AF8FFF7C7FF60
:10BFD0000021FAF741FDF1E7D0E90413B3F1004F76
:10BFE00008BF012904D100204FF00041C2E904013B
:10BFF0006FF01500E3E708B5FEF724F908BDFEF77A
:10C0000021B920B1011F50F8040C00F00AB87047A4
:10C01000704710B400F10C04C0E9034410BCFEF7F3
:10C02000B7BC38B50446EFF31185402383F312887B
:10C03000BFF36F8FFEF726FC04F10C00FFF725FF1E
:10C0400030B1294604F11400BDE83840FFF702BFC3
:10C0500085F31188BFF36F8F38BD0A44914200F118
:10C06000FF3300D1704710B511F8014B03F8014FB1
:10C070009142F9D110BD02440346934200D170476A
:10C0800003F8011BF9E710B501390244904201D1D0
:10C09000002005E0037811F8014FA34201D0181BDE
:08C0A00010BD0130F2E70000C1
:08C0A8000A54FF7F01000000B3
:10C0B0002144000000000000C54300000000000013
:10C0C0000000000030C100001990000000000000D6
:10C0D000D1A2000000000000000000004CC10000E0
:10C0E0000000000068C1000011B200000000000064
:10C0F0001BB2000000000000056900000000000005
:10C10000A1430000000000000000000084C1000006
:10C110001FB2000000000000319500000000000088
:10C1200000000000A0C10000454700000000000022
:10C1300024C60000ACC4000078C30000FA0100204F
:10C14000303B0020015F0000000000004DC60000F1
:10C15000C4C4000054C30000FE0100209C3B00202A
:10C1600051650000000000005BC60000D8C400005C
:10C1700054C3000000020020A83B002051650000CD
:10C1800000000000A0C500009803002098C4000033
:10C19000F801002070300020B7AD00000000000062
:10C1A00033C60000000000003CC30000FC0100207A
:0CC1B00000000000C16100000000000061
:10C1BC001FB900004BB20000000000003BAD0000B6
:10C1CC00000000003BAD0000000000003BAD000093
:10C1DC00000000003BAD0000000000003BAD000083
:10C1EC0038000020FFB00000000000003BAD000054
:10C1FC00000000003BAD0000000000003BAD000063
:10C20C00000000003BAD0000000000003BAD000052
:10C21C00000000003BAD0000000000003BAD000042
:10C22C00000000003BAD0000000000003BAD000032
:10C23C00000000003BAD000000000000956900000C
:10C24C00000000003BAD0000000000003BAD000012
:10C25C00000000003BAD0000000000003BAD000002
:10C26C00000000003BAD0000000000003BAD0000F2
:10C27C00000000003BAD0000000000003BAD0000E2
:10C28C00000000003BAD0000000000003BAD0000D2
:10C29C00000000003BAD0000000000003BAD0000C2
:10C2AC00000000003BAD0000000000003BAD0000B2
:10C2BC00000000003BAD0000000000003BAD0000A2
:10C2CC00000000003BAD0000000000003BAD000092
:10C2DC00000000003BAD0000000000003BAD000082
:10C2EC00000000003BAD0000ED5500004BB200001B
:10C2FC00000000003BAD0000000000003BAD000062
:10C30C00000000003BAD0000000000003BAD000051
:10C31C00000000003BAD0000000000003BAD000041
:10C32C00000000003BAD0000000000003BAD000031
:10C33C002BB00000F56200006D620000B9610000D6
:08C34C00F7AF0000A961000039
:10C354008163000053B0000061B0000079B00000B8
:10C3640085B0000091B000008D650000ABB0000006
:04C3740000000000C5
:10C37800595F000063AF0000C9AF00000000000073
:0CC3880001AF00000000000000000000F9
:10C3A000D8ECF0F4F8FC00020304050607080000CE
:10C3B000000000000000000000000000000000007D
:10C3C000000001010101020202020303030304044D
:10C3D000040405050505060606080900000000001E
:10C3E000000000000000000000000000000000014C
:10C3F0000101010202020203030303040404040511
:10C4000005050506060708090A0B0C0D00100200B9
:10C41000FA00000000000000000000000000000022
:10C420000338FDD870470000E1180000B11D00007E
:10C430000000000000000000811C0000ABA600000E
:10C44000000000000FAD0000300000202800002098
:10C4500020000020000000001800002055390000D6
:10C46000493800009D380000FD3800000000002021
:10C470000000000000000B060200000080C4000065
:10C48000000000000AC60000260002020000002092
:10C4900012C6000022000B1100000000DD48000061
:10C4A000BD5E00008D5E000000000000096000001D
:10C4B000895F0000F3AF0000EFAF00000400000050
:10C4C00000FF0000FFFF00000003005038000020C4
:10C4D0000000000001000000FFFFFFFF000000500F
:10C4E00038000020000000000000000008000000EC
:10C4F00003000000B0C00000B8C00000F8C0000099
:10C5000000C1000030C1000030C100006EC6000054
:10C510000001000000000000FF8FFFFFFF8FFFFF02
:10C52000FE8FFFFFFE8FFFFFFD8FFFFFFC8FFFFFE2
:10C53000FC8FFFFF6D757465785F667265652063BB
:10C54000616C6C65642077697468204E554C4C2092
:10C55000706172616D6574657200000043616E27E1
:10C560007420696E697469616C697A65206D75748F
:10C5700065782C20776173204E554C4C0D0A0000D5
:10C58000436F756C64206E6F74206C6F636B2070EA
:10C590006F7765722073617665206D7574657800BC
:10C5A0004849445F3000303132333435363738391A
:10C5B000414243444546006D757465785F696E6914
:10C5C000742063616C6C65642077697468204E55D3
:10C5D0004C4C20706172616D6574657200436F75BB
:10C5E0006C64206E6F7420616C6C6F636174652085
:10C5F0006D75746578206265666F726520696E6915
:10C600007469616C697A696E6700464C4153485F92
:10C6100030005352414D5F3000757362645F776F35
:10C62000726B7100636C6F636B403430303030304C
:10C63000303000666C6173682D636F6E74726F6C5E
:10C640006C6572403430303165303030006770696D
:10C650006F403530303030333030006770696F40B4
:10C660003530303030303030006D61696E007379B4
:10C6700073776F726B7100E7C2C3C4C5C6C7C8C207
:10C68000C2C2C2E7E7E7E705010906A10185010586
:10C690000719E029E7150025017501950881027544
:10C6A0000895018103050819012905750195059172
:10C6B00002750395019103050719002965150025E9
:10C6C00065750895068100C0050C0901A101850268
:10C6D000150026FF031A00002AFF0375109501813B
:10C6E00000C00600FF0901A1018503150026FF0017
:10C6F0007508950A1901290A81021901290AB1024E
:10C70000C00601FF0901A1018504150026FF00757F
:10C7100008950819012908B102C00602FF0901A104
:10C72000018505150026FF007508951419012914C7
:10C73000B102C001000203060500010020303030C4
:10C7400030303030303030303030300001000000D8
:10C75000781100000100000000000000010200004C
:10C760005802030000200000340200203A000000BC
:10C77000480200203A000000200200203A00000099
:10C780005C0200203A000000006000400000000051
:10C790000000000000000000000000000000000099
:10C7A0000000000000000000000000000000000089
:10C7B0000000000000000000000000000000000079
:10C7C0000000000000000000000000000000000069
:10C7D0000000000000000000000000000000000059
:10C7E0000000000000000000000000000000000049
:10C7F0000000000000000000000000000000000039
:10C800000000000000000000000000000000000028
:10C810000000000000000000E5440000800000006F
:10C82000B94400000000000001000000000000000A
:10C8300000000000000000000000000000000000F8
:10C840000000000000A00040000000000000000008
:10C8500004000000000000000000000000A00040F4
:10C860000000000081000000040000000000000043
:10C870000000000000A00040000000007C0000005C
:10C880000400000000000000E7E7E7E7C2C2C2C200
:10C89000E7C2C3C4C5C6C7C80805FF020000000040
:10C8A00000A00040000000000000000000000000A8
:10C8B0000090D003FF000000900200006C010020F7
:10C8C0006C010020000000002DA30000D00100201A
:10C8D000C8010020C001002000000000B8010020B5
:10C8E00049A4000095A30000C9A3000011A4000002
:10C8F000A8010020B0010020283D00203A00003AA5
:10C900002C3D00203A00003A303D00203A00003A29
:10C91000343D00203A00003A383D00203A00003A09
:10C920003C3D00203A00003AA0010020A401002074
:10C93000E80100208C0100208401002080010020FB
:05C940007C010020FF56
:0FC94500000000000000000000000000000000E3
:10C954000402002004020020807A0020000000006D
:0CC9640020000000140000000000000093
:10C970002002002020020020000000000000000033
:10C980000E000000340200203402002000000000ED
:10C99000000000000E0000004802002048020020B5
:10C9A00000000000000000000E0000005C020020FB
:10C9B0005C02002000000000000000000E000000EB
:10C9C0007002002070020020000000000000000043
:04C9D0000E00000055
:10C9D40084020020840200200C00000040000000BB
:10C9E400806B0020806E0020806B0020806B002014
:10C9F4000000000000000000AC020020AC02002097
:10CA04000C00000000010000806E0020807A0020ED
:10CA1400806E0020806E00200000000000000000F6
:10CA2400D4020020D4020020010000000100000014
:10CA3400E4020020E40200200100000001000000E4
:10CA44000000000000000000FC020020FC020020A6
:10CA540012010002000000404F1B01000404010207
:10CA6400030109020000000100C0320904000001B2
:10CA740003010000092111010001220000070580C3
:10CA84000310000107050003100001040309040E4C
:10CA9400034D6F6E617264000000000000200341CA
:10CAA40034544543482052656365697665720000D5
:10CAB400000000000000000000000000002203301D
:10CAC40031323334353637383941424344454600F0
:10CAD4000000000000000000000000000000000052
:01CAE4000051
:10CAE800000000001F030020AFAD00003146000029
:10CAF8008945000000000000114500000200000008
:04CB0800C800002041
:04CB0C0015E015E03B
:0400000300003D615B
:00000001FF
