:1010000040360020853400001DA40000713400002B
:1010100071340000713400007134000000000000E1
:10102000000000000000000000000000613500002A
:1010300071340000000000005537000071340000DA
:10104000CD3700002D680000CD370000CD370000FF
:10105000CD370000CD370000CD370000CD37000080
:10106000CD370000CD37000029620000CD370000E9
:10107000CD370000CD370000CD370000CD37000060
:10108000CD370000CD370000CD370000CD37000050
:10109000CD680000CD370000CD370000CD3700000F
:1010A000CD370000CD370000CD370000CD37000030
:1010B000CD370000CD370000CD370000CD37000020
:1010C000CD370000CD370000CD370000CD37000010
:1010D000CD370000CD370000CD370000CD37000000
:1010E000CD370000CD370000CD370000CD370000F0
:1010F000CD370000CD370000CD370000CD370000E0
:10110000014B1B685B68184700000020014B1B68FF
:101110009B68184700000020014B1B681B6918479B
:1011200000000020014B1B685B691847000000208D
:10113000014B1B689B69184700000020014B1B688E
:10114000DB69184700000020014B1B681B6A184729
:1011500000000020014B1B689B6A1847000000201C
:1011600030B4044C9DF8085024680295E468A44605
:1011700030BC6047000000209F130000A513000052
:10118000A7130000CD130000AB130000D71300001D
:10119000B1130000E1130000B7130000ED130000CD
:1011A000C3130000C7130000B9130000BF130000F1
:1011B000DD130000E713000030B50346114890F935
:1011C0001C209A4219DD90F924209A4217DA9A1AC3
:1011D000846AA05C0C4A15569D420DD00E3200293F
:1011E00018BF01309442C0B206D129B1013BDBB235
:1011F000012B01D80130C0B230BD0D20FCE700202A
:10120000FAE700BF9003002010BA000008B5054BB4
:1012100093F91C30984203DAFFF7CEFF024B1B56BE
:10122000184608BD9003002010BA000008B5184BFE
:1012300093F82C20FAB9012283F82C20154A126861
:10124000A2F10800082803D813490141C90709D5AC
:10125000911F092910D9013212D04FF4DF71742087
:1012600000F034F80D4A9A62D8221A6283F82420DA
:1012700008229A611A7708BD094A0A41D207ECD4BC
:10128000084A9A62D8221A6283F824200422F0E7DE
:101290009003002040050020DEFEFFFF4BBA000057
:1012A000EEFCFFFF1EBA0000BFF34F8F0549064B4F
:1012B000CA6802F4E0621343CB60BFF34F8F00BFF4
:1012C000FDE700BF00ED00E00400FA051FB572B6AF
:1012D000134B5D6895B9FFF7E7FF2346B2FBF6F2C3
:1012E0005C1C002AF9D104AEDCB256FA83F303F891
:1012F0000C2C0A2234B901A8A847ECE702460023C7
:101300000A26EDE7631E04AEDCB256FA83F3B0FBA7
:10131000F2F602FB1600303003F80C0C3046E9E719
:10132000080500204FF08052034BD2F830111960AD
:10133000D2F834215A6070474005002053B94AB9A9
:10134000002908BF00281CBF4FF0FF314FF0FF30CD
:1013500000F00CB8ADF1080C6DE904CE00F059F8BE
:10136000DDF804E0DDE9022304B07047704700BFF8
:1013700008B5FFF7D7FFBDE80840FFF757BF801A51
:1013800000F3070038B540B20D4659B21446FFF7D6
:101390003DFF002328706B70204440B238BD00230D
:1013A000036070477047002070474FF0FF30704770
:1013B0004FF0FF30704770474FF0FF30704700200C
:1013C0007047002070470023037070479DF800307D
:1013D0000022FFF7D4BF4FF0FF3070470020704766
:1013E0004FF0FF3070474FF0FF307047704710F8F4
:1013F000012B11F8013B012A28BF9A42F7D0D01ADD
:101400007047034613F8012B002AFBD1181A013844
:1014100070472DE9F0478C468E46089E15460446D7
:101420001946002B40F0D080724547D9B2FA82F7B6
:101430004FB1C7F120030EFA07FC20FA03F3BD40B9
:1014400043EA0C0CBC404FEA154EA8B2BCFBFEF8B8
:10145000230C0EFB18CC08FB00F943EA0C4399451A
:1014600028D9EB1808F1FF3204D2994502D9A8F126
:1014700002022B44A3EB0903A4B2B3FBFEFC0EFB58
:101480001C330CFB00F044EA0344A04214D92C198D
:101490000CF1FF3304D2A04202D9ACF102032C4478
:1014A000241A43EA02401EB1FC40002334607360FA
:1014B000BDE8F0874246DDE76346F1E7002A79D0D0
:1014C000B2FA82F3002B3FD01946C1F1200302FA91
:1014D00001F52EFA03F20EFA01FE20FA03F343EAB5
:1014E0000E034FEA154E00FA01F4B2FBFEFCAFB258
:1014F0000EFB1C201A0C0CFB07F842EA0042904538
:101500005AD9AA180CF1FF3004D2904502D9ACF197
:1015100002002A44A2EB08029BB2B2FBFEFC0EFBC7
:101520001C220CFB07F743EA02439F4246D9EB1803
:101530000CF1FF3204D29F4202D9ACF102022B44DB
:10154000DB1B42EA004202E0AEEB020301224FEA5B
:10155000154EAFB2B3FBFEFC200C0EFB1C330CFB94
:1015600007F840EA034398452AD9EB180CF1FF30FD
:1015700004D2984502D9ACF102002B44A3EB080336
:10158000A4B2B3FBFEFC0EFB1C330CFB07F744EAD2
:101590000344A74216D92C190CF1FF3304D2A742F9
:1015A00002D9ACF102032C44E41B43EA00400F468D
:1015B000114678E71F2188E76046ABE76246BFE740
:1015C0006046DBE76346EFE7734506D916B90021AD
:1015D00008466DE7C6E9000EF9E7B3FA83F787B965
:1015E000734501D3824207D8841A6EEB03030120AE
:1015F0009C461EB900215BE73846FAE7C6E9004C75
:10160000F8E7C7F1200CBB4022FA0CF51D4320FA85
:101610000CF12EFA0CF30EFA07FE41EA0E014FEA26
:10162000154900FA07F4B3FBF9F81FFA85FE09FB28
:1016300018300B0C08FB0EFA43EA00439A4502FAF5
:1016400007F240D9EB1808F1FF3004D29A4502D9CD
:10165000A8F102002B44A3EB0A0389B2B3FBF9F80B
:1016600009FB183308FB0EFE41EA03418E452CD9D5
:10167000691808F1FF3304D28E4502D9A8F102039C
:10168000294443EA0040A0FB0298A1EB0E0141452A
:10169000CE46434602D306D14C4504D2B9EB020EE6
:1016A00068EB05030138002EA4D0B4EB0E0261EB09
:1016B000030101FA0CFC22FA07F34CEA0303F94098
:1016C000C6E9003196E74046C5E74346D9E7000042
:1016D000F8B51E464B881546DAB21B0A032B5AD1C1
:1016E000032A3AD1EFF31187402383F31288BFF323
:1016F0006F8F2A4C23781BBB4FF6FF702849247844
:1017000003230B70274B1B784B70274B1B788B7078
:10171000264B1B88CB701B0A0B71254B1B784B711A
:101720000CB1244B1C78C871000A8C71087287F3C5
:101730001188BFF36F8F0923316000202B60F8BD43
:1017400008F013FB1C4B1B68C01A1C4B9842D3D2E9
:101750004FF47A73B0FBF3F0D0E7042A1BD1EFF318
:101760001180402383F31288BFF36F8F144B154908
:101770001B784B70144B0A701B788B70134B1B88B3
:10178000CB701B0A0B7100234B718B71CB710B72E9
:1017900080F31188CDE76FF08500D0E7361D00207B
:1017A0000C1D00203A1D0020391D0020EA1C0020DD
:1017B000381D0020371D0020C008002018FCE7035A
:1017C000281D00201E1D0020271D0020E81C0020D1
:1017D00010B500F00700EFF31184402383F3128863
:1017E000BFF36F8F0F4A104B117811B119788142F6
:1017F00014D00E4918700B7801330B7001230121AE
:10180000117084F31188BFF36F8F4BB1084808F053
:10181000B9FABDE81040074808F0B4BA0023EEE773
:1018200010BD00BF3B1D00203E1D00203D1D0020BF
:10183000C8080020CC08002008B54988080A0228FA
:10184000C9B211D101294DD11268002A4ADD1B68A5
:10185000002B47D0012A187802D001283FD15878B0
:10186000FFF7B6FF002008BD03283BD104292CD187
:101870001168002936DD1A68A2B3082903D9137844
:10188000042B08BF0132EFF31180402383F3128849
:10189000BFF36F8F154B5A21197003215970022124
:1018A0009970D9780131D97011685960516899607F
:1018B0000F4B012119700F4B197080F31188BFF382
:1018C0006F8F0D4808F05EFACCE703290AD10B4868
:1018D000012108F057FA0A4808F054FAF1E76FF0CE
:1018E0001500C0E76FF08500BDE700BF2A1D00208E
:1018F000291D0020281D0020CC080020C40800203D
:10190000C8080020014807F015B900BFB802002040
:10191000013808B505281FD8DFE800F0191E0319A3
:101920000D070E48012108F02DFABDE808400C48CB
:10193000002108F027BA0121094808F023FA0948D4
:1019400007F052F90748BDE8084007F0F3B803482C
:10195000002108F017FAEFE708BD00BFFC080020DF
:10196000F8080020B80200202DE9F04F0378022B80
:1019700087B006D1DFF828A2894805F099FC804697
:1019800010B107B0BDE8F08F864808F026FA9AF942
:101990000210854808F0F6F99AF800300C2B03D0B5
:1019A000824808F01AFAE7E7814A106851686B46E6
:1019B00003C3906818609DF80030A52BF0D19DF806
:1019C0000130032BECD1BFF35B8F7A4B1B68BFF365
:1019D0005B8F1BB17848012108F0D4F99DF80230E3
:1019E000042B4BD02CD8012B00F09180032B00F05E
:1019F0008880724CDFF8C8912278724E724F002AAC
:101A000000F0C1809DF803B03A78ABEB02056DB2EF
:101A1000002DD4BF00250125934503D13278002A3B
:101A200040F0AD80012B7FD10822494601A809F082
:101A300068FE002875D187F800B030706348B0E7C1
:101A4000132BD6D1EFF31183402282F31288BFF318
:101A50006F8F5F4A9DF8041011705E4A9DF8051063
:101A600011705D4ABDF80610118083F31188BFF331
:101A70006F8F5148012108F085F97DE79DF804300A
:101A8000642B8DD89DF80530042B89D89DF809303A
:101A9000DA0785D50F2B83D89DF80A309DF80B20E7
:101AA00013437FF47DAFEFF31185402383F3128856
:101AB000BFF36F8F494C9DF808102378484A23B133
:101AC0001378CB1A5BB2002B16DD464B9DF8040051
:101AD0001870454B9DF805001870444BBDF8060082
:101AE0001880434B11709DF809201A7008F03DF9D9
:101AF000404B18600123237085F31188BFF36F8F6B
:101B00003AE79DF80430022B3FF436AF48E73A4CF1
:101B1000DFF8E89022783A4E3A4F002A7FF472AF0D
:101B20001D46394808F059F9237813B158EA0505DC
:101B300084D0364800220023694609F06AFB80B150
:101B4000334808F04AF931480022002303A906F07F
:101B50009BFEE8B92D4800220023694609F059FB95
:101B6000B0B9012323709DF803303B70002333701C
:101B700001AB03CBC9F80000C9F80410FCE6012B47
:101B800003D19846CDE70125CEE74FF00108CBE71A
:101B900001239DF8032023703A703370ECE600BFF8
:101BA000551D0020F4080020E8080020F00800205F
:101BB0005A1D0020C8080020CC080020531D00201A
:101BC000411D0020511D00203F1D0020EC08002079
:101BD000281D0020271D0020E81C0020361D0020A5
:101BE000381D00203A1D0020391D0020EA1C00206D
:101BF000371D0020C0080020541D0020491D002072
:101C0000521D0020401D0020D0080020800200202E
:101C1000DC080020084BBFF35B8F1868BFF35B8FB5
:101C200040B1BFF35B8F054B1868BFF35B8FB0FA11
:101C300080F04009704700BFFC080020F808002031
:101C400070B506460C46FFF7E5FFF0B112480022DA
:101C5000002306F0A3FF0546D0B9224631460F48BF
:101C600009F039FD0E480D49006822462B4608F060
:101C700026FC044638B1084806F05CFF094808F025
:101C8000ACF8204670BD0848F9E76FF07F04F8E72C
:101C90006FF00F04F5E700BFB8020020151D00200B
:101CA00000090020D4080020D80800202DE9F04FBA
:101CB00093B00023CDE90233049308F0BAFDB14B91
:101CC0001870B148B14C06F0E5FB206078B1B04B1C
:101CD000B049932202F078F8206808F0E6FB18B9C2
:101CE000AD4800F04BFE28B113B0BDE8F08F6FF0A7
:101CF0001200F9E7A94940F201130B8001240825DD
:101D00000C224B820846A64B0C728D724A744B60B3
:101D100005F01AF9A8B9A34805F092FB88B9A248C2
:101D200005F0A8FB68B9A148294605F0BBFB40B9FE
:101D3000502005F0DDFB20B905F004FB002800F081
:101D4000888001469A48002708F01CF83E46009714
:101D5000B8463C4608F009F8BFF35B8F954A8346C6
:101D6000002552E8003F012B03D142E80051002931
:101D7000F7D1BFF35B8F58D12522294608A8CDE9BA
:101D80000555079509F0B5FCEFF311894FF0400AAE
:101D90008AF31288BFF36F8F874B19789C4600290E
:101DA0005AD0864B8CF800501868596893F800A0F8
:101DB00093F801E005AA03C2986810609A78D87871
:101DC000197901925A799B7989F31188BFF36F8F42
:101DD000DDF804C08DF81A308DF814A08DF815E0E8
:101DE0008DF816C08DF817008DF818108DF8192091
:101DF00005AB03CB4FF00C09CDF825001868ADF802
:101E00002090CDF82D004FF0000908A88DF8239000
:101E1000CDF8291005F0A2F938B16948012107F081
:101E2000B1FF15B1674807F0ADFFFFF7F3FE0546B8
:101E3000002845D164480022002308A906F024FDAB
:101E40000028F7D02120002109F06CFB00262C4649
:101E500080E75E48214676E789F31188BFF36F8FEC
:101E6000574807F08FFFBFF35B8F564B53E8002FA7
:101E7000012A03D143E800100028F7D1BFF35B8F9C
:101E80000CBF01250025EFF3118C8AF31288BFF3F4
:101E90006F8F4F4B18784F4B19784F4B1A78394B3F
:101EA00042EA45021B788CF31188BFF36F8F4FF025
:101EB000010CCDF804C04FF0030E4FF05A0A87E72B
:101EC000FCB90DF12009404800220023494606F0E4
:101ED000DBFC58BB99E8070002AB83E807009DF8DC
:101EE0002230012B0BD105A9059408224C6009A8CA
:101EF00009F007FC002814BF002606F001064FF089
:101F000000089DF80A30012B05AC25D18DF814305E
:101F100003AB03CBCDF81500CDF8191020460921ED
:101F2000FFF78EFE00285BD02C4627E036B3009BDF
:101F3000ABEB0303002B21DBBFF35B8F274B1B684D
:101F4000BFF35B8F9F4262D10123B046CDE90344CA
:101F50008DF80A302646D4E702238DF814309DF818
:101F60000C308DF8153020469DF80D308DF8163068
:101F70000321FFF765FE04460028D5D107F008FAD3
:101F8000254664E73C1D002010BC0000000900202D
:101F900098BA0000F7BC00001119000004000020EE
:101FA00069190000F3BC0000EFBC0000E7BC0000B2
:101FB000E0080020CC080020291D00202A1D002058
:101FC000C8080020C408002080020020E408002087
:101FD0003D1D00203E1D00203B1D0020D00800209C
:101FE000059008226060214603A809F08AFB60B9C9
:101FF000B8F1000F09D10BF101030093054BBFF3BA
:102000005B8F1F68BFF35B8F2E460024B6E7264622
:10201000B4E700BFD008002080B505460E4617463D
:10202000984607F051FA034601F0E2FBDFF81890FA
:10203000044649F80030424630463946A84754F82D
:10204000090001F071FB00BF080000002DE9F04716
:10205000058B0446280717460CD501290CBF45F00F
:10206000100545F02005258387F31188BFF36F8F96
:10207000BDE8F087022905F0070540F0948020466E
:1020800008F05AF8052864D801A353F820F000BFDF
:1020900069200000A7210000532100001521000045
:1020A0002F2100004121000001F007035A1F012ADF
:1020B0001FD8002221F00701062BD4F8008089B236
:1020C000C4E9002209D1434603E0628B01326283F6
:1020D0001B68002BF9D141F002012183204608F052
:1020E0002BF84FF0000900286DD041F0200121832A
:1020F00069E0042B0AD121F0070189B2218320462F
:1021000008F01AF810B141F0200121834FF00008C7
:10211000C14658E02369D3F80090238B23F00703CE
:1021200043F0060323834FF0000846464BE0236943
:10213000D3F80490238B23F0070343F00403F1E763
:102140002369D3F80890238B23F0070343F005039A
:10215000E8E74FF00008C146E7E7012243F0080333
:10216000238387F31188BFF36F8F002A3BD1B8F127
:10217000000F4AD1B9F1000F02D02D492046C847BF
:10218000EFF31187402383F31288BFF36F8F238B04
:1021900023F008039BB22383D9063FD523F0100216
:1021A000228303F007056669218B002EBFF67CAF02
:1021B0000023D4F8008021F00701C4E9003341F086
:1021C000010121839946238B03F0070AAA4502D017
:1021D000A268002AC1D1B8F1000F02D1B9F1000FF5
:1021E000DAD00022BAE7A1680029C0D00D68002922
:1021F000BDD04F68334652462046B8471DB12B68C4
:1022000029461D46F3E72B46FAE741463346524638
:102210002046D8F8008007F0BBFFA8E79A067FF5B4
:1022200023AF23F02002228303F0070527E700BF36
:10223000BDA10000014B036000207047B0BA000050
:10224000F0B40D4B0D4E5F6A0D4BB34203D36FF0EC
:102250008500F0BC70475C68BC420AD31D6945B17B
:1022600094F802C08488E4B2A44502D12B46F0BCA5
:1022700018472433E9E700BF040900209003002039
:102280006C0300202DE9F047144CDFF85480DFF890
:10229000549005460E461746444503D36FF085001B
:1022A000BDE8F0876268D9F824309A4213D3A36955
:1022B0008BB1A9889078C9B2884205D13A46314697
:1022C0002846BDE8F04718475279012A03D13A461B
:1022D0003146284698472434DEE700BF6C030020CF
:1022E000900300200409002010B5044608F027F9E7
:1022F00010F1780F00D050B9054A204608F027F8B1
:10230000D2F8C43023EA0003C2F8C430002010BD64
:10231000040900202DE9F04105460E46174600F05D
:1023200017FE38B90E4CDFF83C8044450CD36FF0F3
:10233000850007E03A463146284600F0F3FD0028C4
:10234000F0D10020BDE8F08163690BB92434ECE7DB
:102350003A463146284698470028F7D1F1E700BFB2
:102360006C03002090030020024B00221A605A6088
:10237000704700BFBF09002070B50B4B0B4CA34248
:1023800001D3002070BD196A1E7F00220439D5B226
:10239000AE4201D82433F2E7013211F832508542BF
:1023A000F5D10120EEE700BF6C0300209003002070
:1023B00073B58488E4B263060D468DF8074007D0F4
:1023C0002046FFF7D9FF78B10D4B93F8BA0058B10A
:1023D0000B4E204655B102F0D1F8F3691BB10DF157
:1023E000070108209847012002B070BD02F0EEF806
:1023F000F369002BF7D00DF107010920F2E700BFC8
:102400000409002008B509480378C3F341130A33CF
:1024100050F823303BB100F1080200F11001984759
:10242000C043C00F08BD1846FCE700BF04090020E8
:1024300004282DE9F14FDFF8989004460F4616D096
:1024400001282DD1DFF88C8098F8B93043B300F023
:1024500019FD214D4D4520D2D5F820B04FF0000A8E
:102460002B7F5FFA8AF6B34204D82435F2E7FFF7F0
:102470007BFFE7E70BEBC6060AF1010A307908F0AB
:102480005EF80246307907F062FFD8F8C430002ABF
:1024900023EA0003C8F8C430E2DA002388F8B93030
:1024A0000D4D4D4508D30B4B1B6A6BB13946204689
:1024B00001B0BDE8F04F1847EB681BB13A46214622
:1024C000284698472435ECE701B0BDE8F08F00BFFF
:1024D00090030020040900206C03002073B5867867
:1024E0008DF80060037942791C4C43EA0223ADF871
:1024F0000230C378304603F003038DF8043007F050
:1025000026FFD4F8C430184205460BD0304600F000
:102510009BFC3046FFF7E8FE08F066FF10B99620F6
:1025200006F0B4FF684602F005F810F1780F03D00A
:1025300010B1002002B070BD9DF8000002F082F8DA
:1025400010F1780F01D00028F3D1D4F8C430012065
:102550002B4384F8B900C4F8C430EBE70409002029
:102560002DE9F04704460E46174600F0C5FCA8B119
:10257000A64DAB6963B9207800F01F0001287BD01D
:10258000022800F0E28058B16FF01500BDE8F08736
:102590003A463146204698470028ECD10020F5E71E
:1025A00094F900206378002A28DA062B09D0082B3A
:1025B0003A681ED0002BE7D1537001231370022319
:1025C000FEE06388190A0A1F012A8C46DCD9072914
:1025D000DAD8DAB26B6A1C78002CD5D05D78654504
:1025E00003D1824200F0E78001302344F3E71B78F7
:1025F000E6E095F8BA3013700123E1E0052B16D020
:10260000092BC1D1638833B1FF276E6AB84633788E
:10261000A3B90028B8D0FFF7A7FE638885F8BA30C1
:10262000EB69002BBAD07A4903209847B6E7608857
:10263000C0B201F06DFF0028B0D0A5E77378042B7D
:102640000DD0052B0ED0022B06D177796388BB42C3
:1026500008BF40F00100C0B233781E44D7E796F8B7
:102660000380F9E76388BB42F6D1B8F1000FF3D1DC
:102670003046FFF733FFEFE795F8BA30002B83D0F1
:10268000A188D5F824805FFA81FC43461A78002A95
:102690003FF47AAF5878022804D193F804E0E64575
:1026A00000F290801344F1E713705370306075E7C7
:1026B000984494E00B2B7FF467AF0026FF27B946C0
:1026C000B24608E098F80130042B11D0052B21D038
:1026D00098F80030984498F80030002BF2D1EB695C
:1026E00013B1514607209847002E7FF457AF4BE7B0
:1026F00098F80270A38898F803909F42E8D1638805
:102700009945E5D1072F1DD8EB19C24683F8BB9038
:102710000126DDE7A388BB42DAD16388DBB24B45F3
:102720000BD098F80260304600F08EFB3046FFF781
:10273000DBFDB0FA80F67609CAE74046FFF7CEFE29
:102740000646C5E7C2460026C2E794F90020637832
:10275000002A1ADA002B7FF417AFA3885FFA83F8F8
:102760005B060AD04046FFF707FE00283FF40CAF97
:1027700095F8BA30002B3FF407AF3C68404621463D
:1027800001F044FF0023637019E7012B08D0032BED
:102790007FF4FAAE6388002B7FF4F6AE012103E0EC
:1027A000618800297FF4F0AE2046FFF701FE002883
:1027B0007FF4F4AEE8E602293B607FF418AF5B8853
:1027C0003360EBE694F900206378002ABFF672AF1D
:1027D0003A68002B3FF468AF0A2B7FF4D5AE98F827
:1027E0000030002B3FF4D0AE98F8010004287FF4AD
:1027F0005FAF98F8020081427FF45AAF072996BF75
:102800004919002391F8BB30F5E600BF0409002008
:10281000BE09002013B5164C237DF3B9E268A16808
:10282000019201AB802007F0A0FD019AA368134438
:10283000A360E3689B1AE3606BB962B12369E28825
:102840009A4208DD94F8C82093FBF2F102FB1133A1
:102850000BB90123237502B010BD00231A46194697
:102860008020237502B0BDE8104001F015BF00BF05
:102870000409002030B585B0002302460D460193BF
:10288000002858D1002935D108220B460DEB020152
:1028900007F06EFE002804DA802001F06FFE05B01C
:1028A00030BD2A4C029A2260039A626004F1380219
:1028B000A2609DF90820BDF80E302575002AC4E9F4
:1028C00003550ADB802B04D9802001F057FE00203D
:1028D000E3E713B1C4E90333E1E7FFF793FD002811
:1028E000DAD0E28823699A42D4BFE260E360FFF75E
:1028F00091FFD4E7154CD4E90215002D01AB04DC9F
:1029000007F036FE0028CADAC6E72A4607F030FE8E
:102910000028D9DB019AA3681344A360E3689B1ADB
:10292000E360002BBBD104F13803A360FFF76AFD1D
:102930000028DCD1B0E78028B1D1044BDA68002A46
:10294000D5D11B7D002BD2D1A9E700BF04090020FF
:10295000054B064A9A62064ADA62064A1A63064A32
:1029600058629A6100207047040900206125000028
:102970004122000015230000852200002DE9F341CB
:102980000446454D45484FF0FF334FF0FF3205F008
:10299000DDFF95F8B830002B78D16E6A76B900F07B
:1029A000CBF8FFF7D5FF6E6A46B94FF0FF343B48CE
:1029B00006F03EF8204602B0BDE8F08138482C62AF
:1029C000E86101F07DFF01F075FD041EEFDB00F012
:1029D0007BFA041EEBDB7378012B5AD1F379002BC1
:1029E00057D00026684685F8C830ADF802308DF81B
:1029F00004608DF8006001F09DFD041ED7DB802788
:102A000068468DF8007001F095FD041ECFDB254966
:102A1000304601F041FF041EC9DB2249384601F06F
:102A20003BFF041EC3DB204CDFF8808044451AD3F3
:102A3000002001F007FE041EB9DBD5F8C430802069
:102A400043F00103C5F8C43001F0FCFD041EAEDB09
:102A5000D5F8C43043F48033C5F8C430012385F879
:102A6000B8300024A3E7276A0026227FF3B29A42F7
:102A700001D82434DAE707EBC30257F83310107992
:102A800001F00AFF01360028EFD08EE76FF07704DF
:102A90008DE76FF015048AE7040900206C0200201E
:102AA00031240000752800006C03002090030020F2
:102AB00030B51F4B8BB005AA03F110051868596893
:102AC000144603C40833AB422246F7D11B78237067
:102AD00001AC10220021204608F00BFE122200213A
:102AE000144808F006FE1021204607F082FE002858
:102AF0001ADD0828B8BF082009380E4A044400210E
:102B000014F8013F0AA800EB131003F00F03283359
:102B10006B44013110F8140C13F8143C10700829A0
:102B2000537002F10202EBD102480BB030BD00BF7E
:102B300016BC00007B1D00202DE9F04F724B93F86E
:102B400000B087B0BBF1000F03D0704807B0BDE8FC
:102B5000F08F6E4C00264FF0011AB0463546B14654
:102B600023783BB96A4B02349C42F3D1664A012375
:102B70001370EAE76378052B05D8DFE803F08F07C9
:102B8000038F1F3BA14623781C44E9E7402304A898
:102B90008DF810B0ADF812308DF814B007F0BBFC12
:102BA00040B1082304A8ADF8123007F0B4FC08B116
:102BB000ADF812B0BDF81230E371E4E7E378002B12
:102BC000E1D1A3786BB108F101085FFA88F8DAE780
:102BD0006B689C4207D024354E4B9D42F8D30020B1
:102BE000B4E74D4DF8E7AB68002BECD041462046EA
:102BF0009847E8E7002DF2D000222B7F9A42EED2D0
:102C0000296AA07801EBC2010B79984244D10127CF
:102C1000E07800F003008DF81400207994F805C0E6
:102C200040EA0C20ADF8120094F902000028FBB233
:102C300028DA07F110004FF0010C0CFA00F010EA4E
:102C40000A0F26D143F080008DF8100004A8CDE9CA
:102C50000213019207F05FFCDDE90121039BC0B97B
:102C60009DF81020A27012F0800F18BF10330A7167
:102C700018BFDBB24FF0010214BF9A40BA404AEAD3
:102C8000020A80E70120B84010EA0A0F01D1184675
:102C9000DAE70137102FBBD10132AEE7032E1AD18C
:102CA000FFF706FF074650B1FEF7ABFB024630B117
:102CB0001028A8BF10223946A01C08F00CFD23786C
:102CC0006FF002011A19091B04EB5303D14213D50B
:102CD0000136F6B257E7002EF1D1B9F1000F3FF4FB
:102CE0007EAFA4EB090389F80230C3F3072389F808
:102CF000033089F80480EBE702F801BC13F80109FE
:102D000002F8020DE2E700BF7A1D0020D802002081
:102D100069030020900300206C03002010B5094BCC
:102D200000211A461C78844204D15C6814B102EB7D
:102D3000811010BD0131042903F14003F2D10020BC
:102D4000F7E700BFD00900202DE9F34150F8283CF7
:102D500010F82C6C103304460AD1036950F8202C6B
:102D6000980736D5D2B9590715D5002344F8283C21
:102D700054F8283C10330BD054E9077554F8148CE0
:102D800008F032FB00284FD02E48214608F01CFBEB
:102D900002B0BDE8F08143F00403236154F8241C21
:102DA00001AB304607F0E1FA10B16FF01503DDE733
:102DB000019A54F8243C134444F8243C54F8203C31
:102DC0009B1A44F8203C54F81C3C134444F81C3C27
:102DD000CEE754F8241C01AB304601F0D3FC0028A8
:102DE000E3D1019D54F8243C2B4444F8243C54F88E
:102DF000203C5B1B44F8203C54F81C3C2B4444F81A
:102E00001C3C002DB1D0304601F060FDB5FBF0F365
:102E100003FB1055002DA8D154F8203C002BA4D062
:102E2000304601F0F7FCA3E744F8180CA4F11000B9
:102E300005F080FE002DABD0424639463046A8470B
:102E4000A6E700BF8007002010B5EFF311844023F0
:102E500083F31288BFF36F8FFFF760FF50B14368B1
:102E6000103307D16FF08B03436000F12C0104484D
:102E700008F0AAFA84F31188BFF36F8F10BD00BF6A
:102E800080070020F8B50E4C04254027EFF311868B
:102E900087F31288BFF36F8F6368103307D16FF029
:102EA0008B030848636004F12C0108F08DFA86F367
:102EB0001188BFF36F8F013D04F14004E6D1F8BDE6
:102EC000D00900208007002038B5094C00250949A9
:102ED000204608F05DFA0122A4F1100011460135E8
:102EE00008F038FA042D04F14004F0D1002038BD78
:102EF000FC090020492D000010B5094B1C6864B185
:102F00004388180A032808D1DBB2EE2B05D12368C9
:102F1000136063680B60002010BD6FF08500FBE755
:102F2000D00A002030B5094B1B6863B145781C7A84
:102F3000A54208D18088042805D1D86810601B6993
:102F40000B60002030BD6FF08500FBE7D00A002049
:102F5000024B1868003818BF01207047D00A0020C3
:102F6000014806F0A1BD00BFB0BA000038B5044664
:102F700018B90F4B0F485B6898476168B1F5683F17
:102F800010D0B1F5680F0DD00B4DA9420AD011F445
:102F90006861206807D00146084808F0EBF8002374
:102FA0002360656038BD142208F0A3FBF9E700BF79
:102FB0007401002027BC00002C5F5CA9D40F002006
:102FC00008B520B34368B3F5683F10D10122036808
:102FD000BFF35B8F53E8001F002903D143E80020B3
:102FE0000028F7D1BFF35B8F0DD1002008BD094A3F
:102FF00093420AD000684FF0FF324FF0FF3305F0E4
:10300000A5FC0028F1D00448F0E70448EEE76FF48F
:10301000E040EBE72C5F5CA9E98FFFFFEA8FFFFF41
:1030200008B5D8B14368B3F5683F10D100220368F2
:10303000BFF35B8F53E8001F012903D143E8002051
:103040000028F7D1BFF35B8F0BD1002008BD074AE2
:10305000934208D0006805F0EBFCF6E76FF4E0401F
:10306000F4E70348F2E70348F0E700BF2C5F5CA9F0
:10307000E98FFFFFEA8FFFFF10B5044618B91D4B1B
:103080001D485B6898476368B3F5683F2FD0B3F578
:10309000680F2CD0194A934219D1236803BB1848F2
:1030A0004FF0FF324FF0FF33214605F05BFB08B9CC
:1030B00023681BB90F4B13485B689847206814229C
:1030C000002108F016FB4FF46863636008E0B3F575
:1030D000680F0DD83A2B03D040F6BA629342DED186
:1030E000206808F0A5F8636843F03A03636010BDF8
:1030F000054AF3E77401002027BC00002C5F5CA99F
:10310000D40F00204DBC00003A00003A08B5064933
:1031100006484023142208F020F8BDE8084004497E
:10312000044806F033BD00BFD40A0020D40F0020AD
:10313000B8BA0000CCBA000008B50348034A002121
:10314000121A07F05DF908BD900300203C20002012
:103150000748084A084908B5121A07F053F9074802
:10316000074A0849BDE80840121A07F04BB900BFEA
:103170000000002090030020A4BD000000000020FB
:1031800000000020A4BD000030BFFFF7FDBF00BF5E
:103190002DE9F0410B4EDFF8308006EB0807CC1B21
:1031A000054632460949204608F095FAA0194246DC
:1031B0000021083C08F09DFA2C6707F10800BDE8E3
:1031C000F08100BF000000000400000010BA000001
:1031D00070B5264B15469A6A12F0100F9A6A14BF02
:1031E0001124102412F0080F9A6A18BF12249207B3
:1031F00006460AD5586B9A6A140634D519B19A6AEC
:1032000022F080029A62132401E06FF01500174B40
:103210009A6A12F0010F9A6A18BF142412F0200F54
:103220009A6A18BF1524D20602D49B6A9B070AD556
:103230000E4B5B68190506D5314600F02BFA10B12C
:1032400080F309880224094B9A6A920642BF5A6A9F
:1032500022F400525A629A6A42F0FF029A620023F4
:103260002B70204670BD6FF01500CCE700ED00E03C
:10327000134B9A6A12F0007F9A6A14BF1E201D2019
:1032800012F0807F9A6A18BF1F2012F4002F9A6AEA
:1032900018BF212012F4802F9A6A18BF222012F43E
:1032A000003F9A6A18BF232012F4803F9A6A6FEA9F
:1032B00002426FEA12429A6218BF2420704700BF90
:1032C00000ED00E010B5184B0246986A9C6A10F4B5
:1032D000805F14BF1720162014F4006F9C6A18BF7B
:1032E0001820A40508D5986A000404D51AB19A6A72
:1032F00022F400429A6219200B4B9A6A12F4806FF2
:103300009A6A18BF1A20D2050CD49B6A13F4005F86
:1033100018BF1C20044A936A43F47F43936200233E
:103320000B7010BD1B20F5E700ED00E0F0B5494B38
:103330005B688BB00446C3F30803002585F311884E
:10334000BFF36F8F02F07F40B0F17F4F11D102F0D9
:103350000C0008280DD010074CBF0C460125002298
:10336000033B8DF80720032B05D8DFE803F0246822
:103370006C652C46F3E700239DF80720CAB902AE1E
:1033800004F1200720686168324603C20834BC4259
:103390001646F7D1099A002D59D0C2F3080121B978
:1033A0006FEA52226FEA4222099202A9184607F0F8
:1033B0002BF80BB0F0BD274BDA6A9107DBD4DA6A41
:1033C000002AD8DBDA6A5200D5D55A69A16942F4DD
:1033D00080725A61BFF34F8FBFF36F8F31F8022CA9
:1033E000596921F480715961BFF34F8FBFF36F8F1B
:1033F00002F47F43B3F55F4F04D1D2B2022A01D168
:103400002368B9E7134B9A6AD2B23AB10DF10702B9
:1034100001212046FFF7DCFE0346ADE79A6A12F46D
:103420007F4F05D00DF107010120FFF74BFFF3E7B8
:103430009B6AB3F5803F9ED3FFF71AFFECE70DF1CF
:1034400007020021E5E70DF107010020EDE76FF32A
:103450000802A9E700ED00E0044B5A6942F01002AF
:103460005A615A6922F008025A61704700ED00E083
:10347000EFF30880EFF3098101B57246FFF756FFBD
:1034800001BD00BF002080F31488BFF36F8F0F4889
:1034900080F3088804F03CFB00200D490860BFF36E
:1034A0004F8F00F02BF8402080F3118809484FF42B
:1034B0000461401880F30988EFF314800221084367
:1034C00080F31488BFF36F8F00F0B4F8403600200B
:1034D00094ED00E0802400200749D1F890200023DB
:1034E000C2F307221846934200DB7047C1F89830B8
:1034F000C1F8A0000133F6E700ED00E008B572B6B0
:10350000002383F31388FFF7E7FF144B4FF0FF32DC
:10351000C3F88020C3F88420C3F88820C3F88C2027
:10352000C3F89020C3F89420C3F89820C3F89C20D7
:10353000C3F88021C3F88421C3F88821C3F88C2103
:10354000C3F89021C3F89421C3F89821C3F89C21B3
:1035500062B6BFF34F8FBFF36F8F08BD00E100E08D
:103560001EF0040F0CBFEFF30880EFF309808169B0
:1035700011F8021C0229FFD001B5724606F04AFF7D
:1035800001BD00BF40B2002807DB044A4109012306
:1035900000F01F00834042F82130704700E100E056
:1035A00040B200280CDB4309064900F01F0020331D
:1035B0000122824041F82320BFF34F8FBFF36F8F6A
:1035C000704700BF00E100E0054B420900F01F001A
:1035D00053F82220012303FA00F01040704700BF87
:1035E00000E100E040B2D30754BF023100210028BF
:1035F000ACBF00F16040074A4FEA4113ACBF00F591
:10360000614000F00F00DBB2B4BF135480F8003308
:10361000704700BF14ED00E0044B054A23F07F0320
:103620009360BFF34F8FBFF36F8F704700100000A0
:1036300000ED00E008B5FFF7EFFF074AD2F8883049
:1036400023F47003C2F88830FFF776FDFFF780FDA2
:1036500000F0B0F805F00AF800ED00E042F8203C78
:10366000009B42F81C3C0A49019B42F8183C029B13
:1036700042F8143C21F001014FF0807342F8043C01
:1036800042F8081C0023203A02654367704700BFD8
:1036900019200000094A0346906870B113F1160F13
:1036A000006E05D0A0F14002934205D3834203D2BD
:1036B000814228BF0020704700207047941C0020E2
:1036C00008B515460B4A0C4B9060026F1A600E4607
:1036D00000F0A0F82C4686F309880020034B984799
:1036E0002046002100220023014C204739A400007D
:1036F00019200000941C0020F00F0020014B102224
:103700001A61704700ED00E0054B5A699B689A42C8
:103710001FBF044A536843F080535360704700BF93
:10372000941C002000ED00E0084B9B6883420BD105
:10373000EFF3058343B1064B5A6842F080525A605A
:103740005A6A22F400425A6205F0C4BE941C00205A
:1037500000ED00E014498A684FF030001044EFF3A8
:10376000098C80E8F01F402080F31288BFF36F8F30
:103770000E4F4FF000664A698A603E60106F0C4C35
:103780002060506F0023536780F3118804B5104602
:1037900000F040F8BDE8044002F1300090E8F01F6E
:1037A0008CF3098870470000941C002004ED00E0B1
:1037B000F00F0020044800234021C2180133302BB1
:1037C00082F80013F9D1704700E100E008B5EFF38B
:1037D0000583064A103B02EBC30152F833004968E7
:1037E0008847BDE80840FFF78FBF00BF38B800002A
:1037F0000148006870470000F00F0020024B034AA8
:103800000348012100F076B80000042000000020E9
:10381000DCBA0000036E054A403B1360044B4021B4
:10382000C2E901131046012100F06EB8F40F002028
:1038300000000B15084AC2F898000B6823F01F031C
:10384000034343F01003C2F89C308B6843F001033C
:10385000C2F8A030704700BF00ED00E02DE9F04352
:10386000DFF8608085B00E461F4604464FF0000921
:10387000B14523DA6068D8B13FB1411E08421BD17F
:103880001F2819D92368194216D12368019306F01D
:10389000F6FDA36803430393D8F89050C5F30725BA
:1038A000D0B2013DA84207D801A9FFF7C3FF421CCF
:1038B00009F101090C34DBE76FF01502104605B081
:1038C000BDE8F08300ED00E0044B0522C3F894202E
:1038D000BFF34F8FBFF36F8F704700BF00ED00E065
:1038E000BFF35F8F024B0022C3F89420704700BFE4
:1038F00000ED00E010B5034C01232278FFF7AEFF86
:10390000207010BD8D1D002008B50B4A00231278D1
:10391000FFF7A4FF10F1160F07D0084A0021D2F8D4
:103920009030C3F30723984200DB08BDC2F898002B
:10393000C2F8A0100130F2E78D1D002000ED00E07C
:103940002DE9F0435A4B5B4DD3F890302C68C3F30C
:1039500007239C4285B000F2A780FFF7C1FF00203B
:103960000C2684421AD1544EDFF8449134706846D4
:10397000FEF760FC514C524D80460027B84514D1EB
:1039800033784B490020D1F89020C2F307229342AC
:10399000C0F28480FFF798FF002045E0696806FBCD
:1039A0000011FFF747FF0130DBE7009800EB07113C
:1039B0004FEA071CCB682340B3F5000F4DD00AD85F
:1039C000B3F5001F33D0B3F5800F3BD0B3F5801FA4
:1039D00013D00137D2E7B3F1007F47D0B3F1805F56
:1039E0004DD0B3F1807FF4D150F80C3088684A682C
:1039F00006F045FD40F0887009E050F80C3088680A
:103A00004A6806F03CFD40F0885040F43020CDE993
:103A100001230390D9F890303078C3F30723013B9A
:103A2000984234D96FF0150005B0BDE8F08350F826
:103A30000C3088684A6806F022FD40F0885040F457
:103A40000020E4E750F80C3088684A6806F017FD5B
:103A500040F0007040F40030D9E750F80C3088682E
:103A60004A6806F00CFD40F08270D0E750F80C3048
:103A700088684A6806F003FD40F48020C7E750F8E4
:103A80000C3088684A6806F0FAFC2843BFE701A9B1
:103A9000FFF7D0FE3378013333709AE7C1F89830DE
:103AA000C1F8A00001336EE74FF0FF30BCE700BF64
:103AB00000ED00E0E8BA00008D1D00200000F0FFDE
:103AC0000000021108B50649064821F00701C1F1BE
:103AD000005202F5802206F0D3FA002008BD00BF94
:103AE00047430020001000200C4B0122C3F8402562
:103AF0004FF080434FF08051C3F87825D1F8300162
:103B0000082805D1D1F83411022908BFC3F8382696
:103B10000122C3F880250020704700BF00E001406B
:103B200048B1054B054A1B68B3FBF2F35843044BFD
:103B300043F00103184770476001002040420F0026
:103B400090BA000008B5054A054B136010463F23A4
:103B5000536004F0B9F8002008BD00BF0C1000202D
:103B6000FFFF07004FF08043D3F84036DB072ED528
:103B70004FF01023D3F8043303F00703072B26D1AB
:103B8000134A0123C2F80435D2F80034002BFBD0CD
:103B90004FF01021D1F8043323F0070343F004035E
:103BA000C1F804330023C2F80435094AD2F80034BE
:103BB000002BFBD0BFF34F8F0649074BCA6802F4B6
:103BC000E0621343CB60BFF34F8F00BFFDE7704748
:103BD00000E0014000ED00E00400FA0510B50C46DD
:103BE0000146084806F0F5FB50B1012C08D150F809
:103BF000083C2BB15B691BB1BDE810400068184759
:103C000010BD00BF2C10002010B50C46014608481E
:103C100006F0DFFB50B1022C08D150F8083C2BB164
:103C20001B691BB1BDE810400068184710BD00BFFC
:103C30002C100020F8B5154690F900200378002AD2
:103C400004460E4602DB6FF01500F8BD03F01F03BB
:103C5000012BF8D14378062BF5D18188478812488B
:103C6000C9B23F0A06F0A7FB0028ECD0212F04D0F0
:103C7000222F0FD06FF08500E7E70368E1885B68CB
:103C80005B6813F8092F914294BF316032602B605A
:103C90000020DAE7E38850F80C2C9A4294BF326097
:103CA000336050F8103CF2E72C1000202DE9F04171
:103CB0000E4681880546C9B22548174606F07BFBAB
:103CC0000446002841D095F9002000686B78002A4E
:103CD0001EDA012B04D0032B10D06FF0850015E005
:103CE00054F8083C002BF8D01C68002CF5D03B465B
:103CF00032462946A446BDE8F04160476B88002B58
:103D0000EBD1043C01233C6033600020BDE8F0812E
:103D1000092B14D00B2BE0D169880129DDD814F8C8
:103D2000043C8B42F1D054F8083CC9B204F8041C9E
:103D3000002BEAD09B68002BE7D09847E5E754F8C2
:103D4000083C002BC9D05C68CFE76FF01200DDE7BC
:103D50002C10002010B50C4601461A4806F01FFB37
:103D60000346F8B1611E05291CD8DFE801F0031BEA
:103D7000181C2224002200F8032C00F8022C13F84F
:103D8000042C006801218A4203F8041C0AD053F86D
:103D9000083C3BB19B682BB1BDE81040184701229D
:103DA00000F8032C10BD002200F8032C03F8022CAD
:103DB000F8E70122FAE710F8022C002AF2D00022DC
:103DC000F4E700BF2C10002010B50469C4E900120C
:103DD000A36000236361064B2061596804F114025B
:103DE00011B9C3E9002210BD0A605A60FBE700BFA9
:103DF0002C10002000F07F03082B42B204D010F0FA
:103E0000780F01D000207047002A00F00F0300F067
:103E1000080004DA30B9054800EB4310704718B9C0
:103E20000348F9E7034870470348704780100020B3
:103E3000A011002080110020A0120020014902489A
:103E400007F0C2BA5C100020C005002001460148FE
:103E500007F075BAC802002002480022002304F0CF
:103E600037BE00BFC802002013B5114800F0A4FE01
:103E70000446C8B90F4804F03BFA0F4804F076FA3C
:103E80000E490F4800944FF0FF334FF4806204F066
:103E9000F9FF0C490A4807F0ADFA0B490B4807F047
:103EA00077FA204602B010BD6FF00404F9E700BFB6
:103EB000BD4000008DBD00000CBB00004020002074
:103EC000C005002089BC0000D94100005C10002022
:103ED00010B50E49BFF35B8F002351E8002F012A74
:103EE00003D141E800300028F7D1BFF35B8F0CD13C
:103EF00051F8044C1439204606F0EFF9783004D11B
:103F00002046BDE8104006F0C4B910BD5410002092
:103F100038B5002464F07F00C0B2FFF76BFF0134B6
:103F200006F0E2FA082CF5D10E4D0024E0B2FFF7BE
:103F300061FF036903B90561013406F0D5FA082C65
:103F400005F14005F2D1084806F0CEFA074BD3F848
:103F50007C2212B9064AC3F87C22BDE838400548E5
:103F600006F0C2BAC41600208011002034100020D0
:103F7000C4120020A012002008B5FFF76DFF20B189
:103F80004168024807F0F6F8F7E708BD0002002094
:103F900007B500230E48002201A904F0E3FB90B10D
:103FA000FFF7EAFF0A480022002301A904F0DAFB28
:103FB00038B90198042340600374FFF747FFFFF707
:103FC0003DFF002001E00198406003B05DF804FB74
:103FD0000002002010B50446FFF7DAFF60B10022AE
:103FE00002740472FFF732FF044B93F824301BB1C4
:103FF000BDE81040FFF722BF10BD00BF3410002005
:10400000022803D8024B185CFFF7E4BF704700BFDB
:104010008ABD000070B5817806460846FFF7EAFEC3
:104020000B06F578044612D5002D43D1FFF7B0FFFB
:10403000034600283ED00122A577027403220273B2
:104040009C60FFF703FFBDE87040FFF7F7BE4DB17E
:10405000012D2FD1FFF79CFF034658B365770574F8
:104060000573EDE7FFF794FF20B3B278124B12F01F
:10407000800F02F0080111D041B1D3F8A836E360F7
:1040800001230374022303738460DAE702F00F0252
:10409000142101FB0233D3F80836F0E711B1D3F84D
:1040A000A837ECE702F00F02142101FB0233D3F82A
:1040B0000837E4E770BD00BF00700240F0B5064667
:1040C00089B01422002103A807F013FB3378013BC9
:1040D000052B21D8DFE803F07A0314146A160323B2
:1040E0008DF814300024FFF753FF0346A0B1047489
:1040F00000F10802DDE9050182E8030018461DE031
:104100000423EDE7B1780846FFF774FE837A04468E
:1041100023B1013B022B43D909B0F0BD0B06F57862
:1041200013D5002DF8D1FFF733FF03460028F3D055
:104130000122A5770274032202739C60FFF786FEBA
:1041400009B0BDE8F040FFF779BE55B1012DE3D1CC
:10415000FFF71EFF03460028DED065770574057360
:10416000EBE7FFF715FF07460028D5D001230374BE
:1041700002230373846004F10C01B07806F022FA84
:10418000134AE168B2F88C328B4206D95B1AA2F866
:104190008C3201F05DF83846D0E7A2F88C52FAE78D
:1041A000304609B0BDE8F040FFF734BF01A801F088
:1041B0002DF89DF80530052B04D19DF8043013F03F
:1041C000600FA9D0034B059301248CE702248AE7F2
:1041D00034100020A01100202DE9FF41AD4C804695
:1041E000FFF73AFE074610B904B0BDE8F08194F835
:1041F00025303A7C3BB9002A00F085807968A648D2
:1042000006F0B8FFECE7042AF8D8DFE812F07C00EB
:1042100005000201180133013B7BBD68032BEDD87B
:10422000DFE803F0023C595E6E699C4B002232606D
:104230007260D3F880143170D3F884147170D3F89D
:104240008814D3F88C0441EA00217180D3F89014CB
:10425000D3F8940441EA0021B180D3F89814D3F83C
:104260009C3441EA0323F3800823EB6030687168D3
:104270008B4B03C311462B68687A984796F9003038
:10428000002B07DBF3889AB222B1A4F88C3200F03D
:10429000DFFFB3E70023A4F88C32AFE76B7F002B7E
:1042A000ACD02B7F002BA9D000266E774FF0FF32C9
:1042B0007C482E774FF0FF3306F029F96B690193A4
:1042C0006B68CDE9023601A9687A00F0C7FC754831
:1042D00006F01FF992E72B680121687A98478DE76D
:1042E000AB7A6BB9EB7F5BB96E484FF0FF324FF0A2
:1042F000FF3306F00CF900F0B1FF6A4806F009F947
:104300002B680221E9E73A7A042A3FF677AFDFE823
:1043100002F05B032569750000F00EFC05460028DD
:104320007FF46CAF00F048FBBFF35B8F5E49012365
:1043300051E8002F002A03D141E800300028F7D1CE
:10434000BFF35B8F7FF45AAF41F8085C41F8105C13
:10435000E0696361143905F051FF4FE7002565F00E
:104360007F00C0B2FFF746FD037A13B1407A01F037
:10437000D7F80135082DF2D194F854311BB194F8D7
:10438000550101F0CDF80025E8B2FFF733FD037ABF
:1043900013B1407A01F0C4F80135082DF4D194F836
:1043A00074321BB194F8750201F0BAF8002000F0E5
:1043B000A7FB012384F825302368002B3FF41EAFB0
:1043C00000210220984719E7002584F8255001F0C4
:1043D0000DF8FFF77DFD2368002B3FF40FAF294652
:1043E0000420EFE7002B3FF409AF00F0AFFB236898
:1043F000002B3FF403AF00210520E3E72268002AE9
:104400003FF4FCAE002B3FF4F9AE002106209047AC
:10441000F4E608F110054FF0FF334FF0FF32284665
:1044200006F075F8FFF774FD284606F072F858F8A4
:10443000283C002B3FF4E2AE00210120C2E794F8B3
:1044400074327BB1012584F8895284F88852FFF7D1
:104450009FFD38B1154A057405738260FFF7F6FCBD
:10446000FFF7ECFC58F8283C002B3FF4C7AE0021C6
:104470000A20A7E706F0C4FD00F0B8FF00F092FAAA
:10448000FFF77AFDFFF744FD06F0B3FD084800F0A2
:1044900093FBB3E6341000200002002000700240BD
:1044A000381000206C10002054100020A0120020B2
:1044B000BD40000038B5144C94F824500DBB04F1F5
:1044C000380006F0B5FE284601F07AF92A460121A7
:1044D000E0612720FFF786F806F08BFDFFF718FD57
:1044E000012384F82430094B1B680BB1FFF7A6FCAD
:1044F0004FF08043D3F83834DB0702D50120FFF7B3
:1045000069FD002038BD00BF34100020C802002023
:10451000074B93F824203AB193F82530002B0CBFB9
:104520006FF01200002070476FF01200704700BF5C
:104530003410002010B5104B93F824300146BBB165
:1045400004782046FFF756FC10B96FF0150010BD37
:1045500044720B7983724B8843600878498803075B
:1045600002D44B1E0B42F0D106F027F80020EEE7F4
:104570006FF01200EBE700BF3410002010B5124BB3
:1045800093F824200146CAB193F82530B3B1FFF760
:1045900031FC0446A8B1837A012B12D007D9023B23
:1045A000012B07D96369A3610020E06010BD00F012
:1045B0005BFEF7E7084600F0FDFDF3E76FF0120041
:1045C000F4E76FF01500F1E73410002038B50E4B1A
:1045D00093F82420054682B193F825306BB1FFF79C
:1045E00009FC68B115F008040AD1284600F004FE61
:1045F000284600F0CDFF204638BD6FF01200FBE7E3
:104600006FF01500F8E700BF3410002038B50C4BF0
:1046100093F8242005460C4662B193F825304BB13F
:10462000FFF7E8FB48B141B1284600F0CBFD207010
:10463000002038BD6FF01200FBE76FF01500F8E7BF
:104640003410002070B5134E96F824300446C3B1E0
:10465000FFF7D0FB0546B8B1230705D4204600F08C
:10466000CBFD204600F094FF2B7A83B901232B72F7
:1046700096F825300BB9002070BD204600F050FFA1
:10468000F9E76FF01200F7E76FF01500F4E76FF04D
:104690007700F1E7341000202DE9F043DFF8DC80EB
:1046A0001F4698F8243085B0044689461646002BEC
:1046B0005DD098F82530002B59D003065AD5FFF766
:1046C00099FB0546002855D0037A002B52D04FF0B5
:1046D000FF334FF0FF3208F1380005F018FFAB7FD1
:1046E0004BB108F1380005F014FF6FF00A042046C2
:1046F00005B0BDE8F08316B9EB7F03B1EE77AB7A76
:10470000BBB95EB1B8F80A309E4207D26A68B6FB00
:10471000F2F302FB13630BB90123EB7700F0AAFD60
:10472000844206D000F09AFD154805F0F2FE002400
:10473000DDE701232046AB774FF0000801A9CDE962
:104740000196CDF80C8000F089FA044658B185F83E
:104750001E802FB96FF00404094805F0DAFEC6E7A1
:10476000C7F80080F6E7002FF6D03E60F4E76FF060
:104770001204BCE76FF01504B9E700BF3410002045
:104780006C1000202DE9F0411D46204B174693F890
:1047900024200E46002A33D093F8253083B3030635
:1047A00031D401B97FBBFFF725FB044658B3037A28
:1047B0004BB34FF0FF3316484FF0FF3205F0A7FE22
:1047C000E368BB42984628BFB84646B93FB905B131
:1047D0002B600F4805F09DFE0020BDE8F081A16927
:1047E0004246304606F077FFA3694344A361E3687D
:1047F000A3EB0803E360002DEBD0C5F80080E8E7E9
:104800006FF01200E9E76FF01500E6E734100020C2
:104810006C10002070B51E4D95F82420034682B31D
:1048200095F825206AB31B062ED4FFF7E3FA044659
:1048300050B3037A43B34FF0FF334FF0FF3205F12B
:10484000380005F064FEE368B3B901266369267792
:10485000A361637F83B1FFF79BFB30B905F138009B
:1048600005F057FE6FF00B0070BD06748460067390
:10487000FFF7ECFAFFF7E2FA064805F04AFE0020DF
:10488000F2E76FF01200EFE76FF01500ECE700BF02
:10489000341000206C10002008B5084B93F8243029
:1048A0002BB1FFF7A7FA28B10160002008BD6FF017
:1048B0001200FBE76FF01500F8E700BF341000208E
:1048C000014B1860704700BF3410002008B5074B3B
:1048D00093F8243023B1FFF78DFA20B1406808BD6A
:1048E0006FF01200FBE76FF01500F8E734100020BE
:1048F000064B10F0800F03F1D80218BF134600F0EA
:104900000F00182202FB0030704700BF041900207E
:10491000EFF31180402383F31288BFF36F8F0A4BAC
:10492000D3F8001C032261B949F27531C3F8001CA9
:10493000C3F8142DC3F8001C80F31188BFF36F8FE8
:104940007047C3F8142DF7E700E00640EFF311803D
:10495000402383F31288BFF36F8F0A4BD3F8001CF8
:1049600061B949F27532C3F8002CC3F8141DC3F8BD
:10497000002C80F31188BFF36F8F70470022C3F8BB
:10498000142DF6E700E006404FF08053D3F83031A5
:10499000082B02BF024B0022C3F81C2C704700BF3B
:1049A00000700240024A00231360024A13707047ED
:1049B000BC1A0020921D002008B54A4B4FF400623B
:1049C000C3F8002405F0E3FD08B1FFF7A1FF4FF0A5
:1049D0008053D3F83031082B18D1EFF311804023E6
:1049E00083F31288BFF36F8F3F4BD3F8001CC022B4
:1049F00000296ED149F27531C3F8001CC3F8142C9C
:104A0000C3F8001C80F31188BFF36F8F354B012270
:104A1000C3F80025D3F800241205FBD54FF400623B
:104A2000C3F800244FF08053D3F83031082B17D14E
:104A3000EFF31180402383F31288BFF36F8F2A4B6B
:104A4000D3F8001C002947D149F27532C3F8002C75
:104A5000C3F8141CC3F8002C80F31188BFF36F8FC8
:104A600005F095FD30B1FFF771FF05F090FD08B13D
:104A7000FFF74EFF4FF08053D3F83031082B194B1E
:104A80000AD140F2E372C3F800284022C3F8042898
:104A9000BFF36F8FBFF34F8F8022C3F81C25012215
:104AA000C3F83025114B40F2FF121A60104B002161
:104AB0001960104B1970FFF767FF0F4B19700F4B00
:104AC00002221A7005F063FD50B1BDE80840FFF7FF
:104AD0003DBFC3F8142C95E70022C3F8142CBBE7A4
:104AE00008BD00BF0070024000E00640B81A002078
:104AF000B41A00208E1D0020901D0020921D002061
:104B0000094B002210B51A70084A094B094C0028BD
:104B100008BF1346C4F800332720FEF733FD0123F6
:104B2000C4F8043510BD00BF911D0020FDFFDF015A
:104B3000FDFFFF0100700240034B1878012894BF6D
:104B400000200120704700BF921D002010B54FF0DB
:104B5000FF324FF0FF33154804F020F8EFF31181D6
:104B6000402383F31288BFF36F8F114B1B7803F040
:104B7000FF0483B10F4BD3F8002412F400720AD162
:104B80000120C3F82C05D3F82C05D3F800048005C8
:104B900002D5C3F82C25002481F31188BFF36F8F51
:104BA000024803F0C7FF204610BD00BFA802002046
:104BB000911D002000700240F8B51C4B1C7894BB7E
:104BC0001B4A106001221A7040F2FF17264664F05B
:104BD0007F0514F0080FEDB214BF39464021284676
:104BE00005F0EBFC2846FFF783FE0134092C86759F
:104BF00006730661EBD1002440F2FF17254614F03E
:104C0000080FE6B214BF39464021304605F0D5FC06
:104C10003046FFF76DFE0134092C8575057305617B
:104C2000EDD10020F8BD6FF07700FBE7921D00206A
:104C3000BC1A0020084B10F0800F14BFD3F81035B9
:104C4000D3F8143500F00F020120904018400038CE
:104C500018BF0120704700BF007002402DE9F843E3
:104C6000024605F0A2FCEFF31188402383F312887B
:104C7000BFF36F8F130703D1174B1B78934224D1D7
:104C8000164B174F1C683E68E4434FF00109A4B26D
:104C900009FA00F534432C401AD11046FFF728FEDC
:104CA00080F80C90034607C91C6183E807009C75D7
:104CB0000C4B2E4380223E602046C3F8042188F32B
:104CC0001188BFF36F8FBDE8F8836FF00D00F6E732
:104CD0006FF00F00F3E700BF901D0020B81A00200E
:104CE000B41A002000E100E010F0080F074B06D0D6
:104CF000D3F8C00410F4803F18BF0020704700F0C4
:104D00000F0000F5947053F82000704700700240C7
:104D10002DE9F74F594BDFF86881D3F85421EAB1F8
:104D20000022C3F85421D3F80413890216D58DF854
:104D30000420D3F82025ADF80620D3F8C034002B8A
:104D4000D8F8003014BF4FF001224FF480721343A3
:104D5000C8F800304B4B01A81B689847474BD3F865
:104D6000604134B10022C3F86021D3F86C44C3F829
:104D70006C44D3F828214AB10022C3F82821424BC1
:104D8000187805F012FC012383401C43DFF8FCA0D7
:104D90009AF800509AF9006015F0080005F00F022B
:104DA00038D1002EB4BF3A4B3A4B91000B441968EE
:104DB000DFF8E49051B300211960304B88BB8E427C
:104DC0004FF0140101FB0233B4BFD3F80836D3F817
:104DD0000837324A117803F001034B401370FFF794
:104DE000D3FD2F4803F0A6FE2846FFF781FD837D03
:104DF000032B1DD1284605F0D8FB012303FA00F050
:104E0000D9F8003023EA0003C9F800301D4F01250E
:104E1000062672E0234B244933EA260328BF0B46BB
:104E2000C5E7002EB4BFD3F8A836D3F8A837D0E72B
:104E3000037BE3B9284605F0B8FB012303FA00F031
:104E4000D9F80030002E23EA0003C9F8003001DA57
:104E5000882DDBD106238DF8043000238DF8073030
:104E6000084B8DF806501B6801A89847CEE7002D27
:104E7000CCD1024B0122DA64C8E700BF00700240C7
:104E8000B81A0020BC1A0020901D00208F1D0020A1
:104E90000871024030710240B41A00208E1D0020BB
:104EA000A8020020507102402C71024094FAA4F331
:104EB000B3FA83F30F2BD8F800201946C8BFA3F12B
:104EC000100105FA03F342EA0302C8F80020D9F8FA
:104ED0000020CCBFC9B241F0800124EA0304134092
:104EE0000A0640F1938043B98DF804608DF80610EE
:104EF0008DF807303B6801A89847002CD6D1A74B06
:104F0000D3F800215AB1C3F80041A54B1C70A54B42
:104F10001C7001230193A44B01A81B6898479F4B69
:104F2000D3F85821002A2ED00022C3F85821D3F8F4
:104F30000044C3F80044E60508D5994B01221A70D5
:104F400002230193984B01A81B689847A50508D533
:104F5000934B00221A7003230193934B01A81B6803
:104F6000984764050FD58E4B1A7862B100221A70EB
:104F70008A4B0122C3F808259A65042301938A4BC2
:104F800001A81B689847854BD3F85C3123B3874B46
:104F90009B681BB99AF8003058061DD07F4B002241
:104FA000C3F85C21D3F880347E4A23F07F0313706A
:104FB000D9F8003023F00113C9F80030D8F80030D8
:104FC00023F4803343F00103C8F800300523019334
:104FD000754B01A81B689847D9F80020D8F8003015
:104FE0001A4200F0C88071480022002303F0D6FD69
:104FF000002840F0C080694BD3F82C35002B44D0FA
:105000006A4803B0BDE8F04F03F094BD002B7FF475
:1050100074AF8DF804608DF806108DF8075069E7BD
:105020000B4661E0003A69E02046FFF75DFED5E9F6
:105030000032B5F814C090429FBF121AC7182F60F3
:105040006A6094BF0746002760450CBF4FF0010C13
:105050004FF0000C002A08BF4FF0000C002B53D07B
:10506000874251D20123B34021EA0303C9F800303B
:1050700006238DF804304C4B8DF8064002221B6845
:10508000AA758DF8072001A89847D9F80010D8F81C
:1050900000600E40B4D016F0012314BF93FAA3F6BB
:1050A00096FAA6F6B6FA86F6F4B20F2EC6BF103CF4
:1050B000E4B244F080042046FFF71AFC4FFA84FB68
:1050C000BBF1000F0546AFDA4368878A01689F424B
:1050D00028BF1F4601F06043B3F1005FA0D0344801
:1050E0003A4606F0F8FA324B29686A683944296072
:1050F000A968D21BC9076A6094D53A1E18BF01225D
:105100002AB900222A7302E0BCF1000FF9D04FF057
:1051100080520120D2F83021082A02BF1F4A822182
:10512000C2F81C1CD8F800208AF8004000FA06F6E5
:1051300022EA0602C8F800202A6914F0080F3A444F
:105140002A61164A1AD1BBF1000F04F00F044FF088
:10515000140101FB0421A9BF0A3402EB8402C1F847
:105160000037C1F80477AFBF42F82400C1F8003619
:10517000C1F80476506003B0BDE8F08FBBF1000FBA
:10518000B5BFC2F8A036C2F8A037C2F8A476C2F8FC
:10519000A477B4BF50629064EDE700BF0070024096
:1051A000911D0020901D0020BC1A0020A8020020A4
:1051B000C4180020024B40F48070C3F818057047F3
:1051C00000700240030713D400F00F0310F0800FAB
:1051D000084A0BBF03F5887303F5847302EB83025F
:1051E00052F8230008BF5068003818BF01207047EC
:1051F0000020704700700240034BC3F80C0540F4D8
:105200008070C3F80C0570470070024000230360F3
:1052100043600E4BD3F880240270D3F8842442708C
:10522000D3F88824D3F88C1442EA01224280D3F8C0
:105230009024D3F8941442EA01228280D3F898246F
:10524000D3F89C3442EA0323C380704700700240C5
:10525000014B0122DA64704700700240014B0122C9
:105260001A65704700700240014B01225A65704771
:1052700000700240014B1878704700BF901D00205D
:1052800010B50246EFF31184402383F31288BFF375
:105290006F8F05F08AF90B49012303FA00F00B68C0
:1052A00023EA00030B6012F0080101BF02F00F02B5
:1052B000054B02F5947243F8221084F31188BFF372
:1052C0006F8F10BDB81A002000700240F7B501467C
:1052D000EFF31185402383F31288BFF36F8FFFF73D
:1052E00007FB0646084605F060F9012211F0800F21
:1052F00002FA00F22D4818D1036832EA03040AD0FA
:105300000846FFF7BDFF0323B37585F31188BFF38C
:105310006F8F03B0F0BD2649347323EA02030360A4
:105320000B6823EA02030B60EDE70B0715D4802915
:10533000204B2FD001F00F0404F2DA346400C3F8DC
:105340000048D3F80448D3F80478E4B244F00204E7
:105350003C43C3F80448D3F80438154F04683B684D
:1053600064EA030C1CEA020FCFD013433B60002316
:1053700033730323B3758DF807300F4B8DF8061088
:1053800024EA0204062204601B688DF8042001A8A8
:105390009847BAE740F2B474C3F80048D3F8044819
:1053A000D3F80478E4B244F00404D1E7B41A00203E
:1053B000B81A002000700240BC1A002010B5044644
:1053C0004FF0FF324FF0FF33064803F0E7FB204673
:1053D000FFF77CFF034803F0ADFB034B8022C3F8CB
:1053E000042110BDA802002000E100E0F8B54FF054
:1053F000FF324FF0FF332B4803F0D0FB2A4B8022C3
:10540000C3F884212720FEF7DFF898B1274E284BF8
:1054100034681B686FF30F041C43012764BB254DE0
:1054200040F2FF1333602720C5F80445FEF7B8F8B3
:10543000C5F80043204A13788BB11E4B0021C3F8F6
:1054400008110121C3F80026C3F804165960D3F8E7
:1054500008110029FBD00021C3F808111170154B69
:105460000022C3F80025FFF78FFA0E4803F062FB15
:10547000124B01221A70F8BD94FAA4F5B5FA85F51D
:105480000F2D2846C6BFA5F11000C0B240F0800025
:10549000030701D4FFF71AFF07FA05F524EA05040C
:1054A000BCE700BFA802002000E100E0B81A00201D
:1054B000B41A0020007002408E1D0020921D0020B2
:1054C00010B504464FF0FF324FF0FF33114803F0A0
:1054D00065FB2046FFF7FAFE04F00F02012393401C
:1054E0000D4A14F0800F14BFD2F81015D2F814151D
:1054F0006FEA030315BF0B400B40C2F81035C2F82A
:105500001435044803F016FB044B8022C3F8042131
:1055100010BD00BFA80200200070024000E100E0C2
:1055200070B50446FFF786FB68B904F00F02012549
:1055300014F0800F144B05FA02F205D0D3F81015C1
:105540000A43C3F8102570BDD3F814150A43C3F8F5
:105550001425631E062BF6D8EFF31186402383F340
:105560001288BFF36F8F2046FFF78AFE204605F0B2
:105570001CF8064A1368854023EA0503136086F386
:105580001188BFF36F8FDEE700700240B41A00206D
:10559000030610B5044605D4FFF714FE10B12046EB
:1055A000FFF76EFE014BC3F8184510BD00700240B6
:1055B000084B70B5C31A0D4607499B100446594362
:1055C0000648402205F01DF82B4601462046BDE85E
:1055D00070401847D41A0020B76DDBB6ACB7000096
:1055E00073B50C4C0C4A4023041B00930D460B462C
:1055F0000A49A41061430646094805F02DF8014602
:1056000028B130462B4602B0BDE87040184702B0C2
:1056100070BD00BFD41A0020C7A60000B76DDBB66E
:10562000ACB700000022F8B5012105461046FDF791
:10563000D9FF104802F076FB0446B8B902F092FB9D
:105640002F690D49384604F0C6FD031E09DB01260B
:105650003E642D69084905F11C0004F0BCFD031EE1
:1056600002DA1C462046F8BDEE64FBE76FF0040446
:10567000F8E700BFA557000010BB00001FB50022CF
:105680000123CDE902236C46074A6B46CDE900446D
:1056900005F012F828B94FF480420023684603F061
:1056A0007DFA04B010BD00BFD9A6000010B5EFF31D
:1056B0001184402383F31288BFF36F8F074A136866
:1056C00023F00201DB07116002D4012005F07DF90F
:1056D00084F31188BFF36F8F10BD00BF241B00201F
:1056E00030B4104B0C2202FB003301460020D3E9FA
:1056F0000E529863EFF31180402484F31288BFF3B5
:105700006F8F1C6C04F0C00444F002041C6480F32E
:105710001188BFF36F8F1DB12B46034830BC18476B
:1057200030BC7047D41A0020ACB7000010B4EFF3BF
:105730001180402282F31288BFF36F8F17490B68E4
:1057400043F0020413F001030C601AD04FF08043C1
:10575000D3F80C14D3F80C3413F0010311D0EFF389
:10576000118182F31288BFF36F8F0D4A136C03F01F
:10577000C00343F00203136481F31188BFF36F8FFA
:10578000012380F31188BFF36F8F1BB110BC002081
:10579000FFF7A6BF10BC012005F00FB9241B0020A5
:1057A000D41A002010B1012804D07047034B1B6CA1
:1057B0005B0701D1FFF794BF704700BFD41A0020E8
:1057C000024AC3B21C2000FB03207047D41A0020F9
:1057D0002DE9F0413849BFF35B8F8046012251E843
:1057E000003F41E800200028F9D1BFF35B8F33B9B7
:1057F000324933484B60CB608A6004F0FFFC08F10B
:10580000FF33012B4BD8B8F1010F07D14FF0804384
:10581000D3F81C3403F00303012B40D005F0E4FD62
:10582000054658B1EFF31186402383F31288BFF386
:105830006F8F0125234F4FF080441EE0224B1B78D1
:10584000002BEFD04FF080430222C3F80823064616
:10585000F0E735B3304604F003FED4F8183563B9E9
:10586000D4F804214AB1C4F80431D4F80431012336
:10587000C4F81835C7F88031A360D4F81824D4F8D8
:105880001834D203E5D503F00303012B02D0B8F19D
:10589000010FDED155B186F31188BFF36F8FBDE8DC
:1058A000F0810021212005F03DFED6E74FF0804336
:1058B0000222C3F80423F2E7D01A0020C01A002005
:1058C000F01A002000E100E03A200020024B0B60BB
:1058D00001231360704700BF281B00200048704759
:1058E0002CBB000010B5012211460648064C05F0FD
:1058F00031FD05F06EFB206005F067FB6060002065
:1059000010BD00BF301B0020281B00204FF080423C
:10591000D2F81015D2F8103501F01E0123F01F0344
:105920000B4343F00103C2F81035024B00221A70FA
:10593000704700BF931D00204FF08053D3F83031E3
:10594000082B20D14FF08042D2F81015CB071AD582
:10595000D2F8103501F01E0123F01F030B43C2F8EB
:105960001035D2F808315BB1D2F8103523F01F039F
:105970000B4343F00103C2F810356FF08B00704702
:10598000024B01221A700020704700BF931D0020B7
:105990002DE9F0410D46164605F017FB3146074646
:1059A000284604F0A9FE78B3B5FBF7F307FB1353C1
:1059B00053BBB6FBF7F407FB14642CBBB7421DD8EE
:1059C0004FF0FF324FF0FF331148DFF8488003F00B
:1059D000E5F805F0FAFA0746FFF7AEFF044680B98E
:1059E000284602F05BFC98F800300BB1FFF78EFF01
:1059F000F61B3D44F0D1064803F09CF82046BDE874
:105A0000F0816FF08B04F6E76FF01504F6E700BF46
:105A1000301B0020931D00202DE9F8430E46304630
:105A2000194617461C4604F067FE88B346EA04058B
:105A300015F003052CD1BCB11748DFF860904FF08A
:105A4000FF324FF0FF3303F0A9F824F00304AC4217
:105A500006EB05080BD1124AD2F80034DB07FBD560
:105A600000240D4803F066F82046BDE8F883FFF7F0
:105A700063FF50B97959404602F02CFC99F8003088
:105A80000BB1FFF743FF0435E1E76FF08B04E8E764
:105A90006FF01504E8E700BF301B0020931D0020C5
:105AA00000E001402DE9F043476840F20636D00699
:105AB0003B7C87B002EA060654BFC2F3401C4FF09D
:105AC000030C01F01F05B6F5837F144645EA431524
:105AD0008DF803C044D00DD8062E16D005D8A6B137
:105AE000022E3FD06FF0150037E0B6F5807FF9D178
:105AF00001260AE040F20222964235D0B6F5407FF8
:105B000034D0B6F5007FEDD10226220330D57A6875
:105B100001238B40C2F80835B868A0BB05F01F030D
:105B20006D092DD0012D77D13E4A02EB8302C4F3DB
:105B30000043D2F8001783F00103C4F3404444EA61
:105B4000430421F4E16144EA8C0421F0070144EAB2
:105B500006230B43C2F80037002007B0BDE8F083EE
:105B60000726D2E70426D0E70526CEE70326CCE7B2
:105B7000630341BF01237A688B40C2F80C35CBE741
:105B80004FF0A042D1E70DF10202294605F08DF950
:105B900014F4403F80460CD1B868294605F0BAF9A4
:105BA000B8F1000FD8D19DF80210B86802F072FA6F
:105BB000D2E74FF0000901ABCDE90199CDE90439F5
:105BC000CDF80C90B86803AA294605F043F848457B
:105BD000C2DB14F4003314D0C4F300449DF8033046
:105BE0008DF80E3084F001048DF80C608DF80D40B6
:105BF000B8684B4603AA294605F0DFF80028CFDA3B
:105C0000AAE7CDE904330DF103030393B86803AAAF
:105C1000294605F01FF8F1E703F5E07350F823304B
:105C2000FFDE00BF00030050420970B5034602D0FA
:105C3000012A17D070BD0D4E326951680029F9D084
:105C400003F01F0301250C689D400029F2D08A68EB
:105C50002A4002D04B68304698472CB12368214631
:105C60001C46F2E7024EE7E72346F8E7E4B70000F8
:105C7000C8B7000038B54568A86890B105F044F988
:105C8000014670B9A86805F023F9044658B90246E0
:105C90000649A86805F006F9224605210620FDF709
:105CA000A1FC002038BD6FF00400FBE7295C000078
:105CB000F0B544681646A068227C01F01F0587B045
:105CC00045EA421500286DD0B6F5001F04D12946DB
:105CD00005F073F9002056E06268607CC2F8240584
:105CE00001AA0020B6F5800F0190506037D1B3F1C2
:105CF000007F14BF052304238DF804300023CDE971
:105D000004230393E36823FA01F111F001010DF17B
:105D100003073AD1B6F1A07F37D105F01F036A0916
:105D200003F5E07326D0012A3FD1214A52F82330EF
:105D3000DB072AD4A0683A46294605F0B6F81630A3
:105D40001BD00297A06803AA294604F083FF00280D
:105D500019DBA0680122294605F0DEF8BAE7B3F1A5
:105D6000C06F05D0B3F1007F14BF01230223C3E746
:105D70000323C1E74FF0A042D8E7A068394602F0FC
:105D80008FF90028DDDA07B0F0BDA0683A46294651
:105D900005F08BF80028D5D19DF80310A06802F01B
:105DA00079F9CFE76FF08500EDE751F82330FFDE9A
:105DB0000003005070B5012383400F4ABFF35B8F8F
:105DC000DC4352E8001F01EA040542E80056002EB9
:105DD000F7D1BFF35B8F4FF4803282400748C0F8A1
:105DE0000823BFF35F8FBFF36F8F03EA0100003812
:105DF00018BF012070BD00BF5C1B002000100140D7
:105E000070B41249D1E90034D01AC31844F1000427
:105E100022F07F46C1E90034A6F50013B3F5400F28
:105E200009D20B4B1B681A0A1B069C19094B42F13D
:105E30000005C3E90045EFF31181402383F3128885
:105E4000BFF36F8F70BC03F033BD00BF700600203E
:105E5000601B00207806002011B3BFF35B8F012385
:105E6000104A834052E800CF4CEA030C42E800C1DC
:105E70000029F7D1BFF35B8F0B4A4FF48033834087
:105E8000C2F80433094BBFF35B8F1B68BFF35B8F12
:105E9000C340DB0742BF064B4FF40032C3F800217A
:105EA000704700BF5C1B002000100140581B002001
:105EB00000E100E00D4B1868010A0006BFF35F8F98
:105EC0000B4BD3F80435181841F10001B3F5801FCE
:105ED0000AD2084BD3E90023904271EB030303D2AB
:105EE00010F1807041F10001704700BF601B00207D
:105EF00000100140780600202DE9F04F85B01646CD
:105F00001F469DF840A00446FFF754FF0190FFF79D
:105F1000D1FFB04271EB07035ED23E4B301A67EB04
:105F20000101984271F1000109D36FF01505204677
:105F30000199FFF791FF284605B0BDE8F08F364B79
:105F400003EB0413D3E902239F4208BF964254D0C7
:105F500032494FF4803804F1500508FA04F8AD00D6
:105F6000C1F848832046ADB204F057FC26F07F4BC1
:105F700005F1804504F5A87305F58835DC464FF03A
:105F800003090293029A2CF07F4341F82230C1F8B2
:105F90004483D1F80435224A6FF00200C01A6044ED
:105FA00020F07F40904228D9286868B1D1F80435A4
:105FB0000393A3EB0B0020F07F40B0F5000F1CD93A
:105FC000204604F02AFC039BBAF1000FADD109EB87
:105FD000030C09F10109D5E7BAF1000FA5D101239E
:105FE000104ABFF35B8FA34052E8000F184342E80A
:105FF00000010029F8D1BFF35B8F07490E982301F8
:1060000001EB0412C8500F9B5360C2E902670025E0
:106010008DE700BF010080006006002000100140F5
:10602000FDFF7F00581B00207FB51C4C1C4BC4F8A3
:106030000833C4F848331B4B00254FF0FF304FF0B6
:10604000FF31C4F80855C3E902014FF48033C4F8A6
:106050000433154B02264FF400320121C4F80463C7
:106060001120C3F880212A46FDF7BCFA1120FDF764
:1060700089FA0E4A0123A360236013600C4B0D4A7A
:106080000093CDE9015500232846FFF735FF304640
:10609000FFF79EFB284604B070BD00BF0010014012
:1060A00003000F006006002000E100E05C1B002000
:1060B000015E0000FFFF7F002DE9F7432B4CD4F871
:1060C000043399070BD5D4F8043143B1284A00238F
:1060D000C4F80431D4F80431136801331360D4F8E0
:1060E0000433DA0323D5BFF35B8F224B53E8002F31
:1060F00022F0010143E800100028F7D1BFF35B8FC5
:10610000D30702D4D4F840318BB10025C4F84051F4
:10611000D4F84031FFF7CEFEEFF3108272B6164B83
:10612000D3E90267B042B94104D282F3108803B0C8
:10613000BDE8F0834FF0FF384FF0FF39C3E9028923
:10614000D3E900101D604FF48033C4F84833C4F81D
:106150004051D4F8403182F310880029E7D00090F4
:1061600032463B4628468847E1E700BF0010014021
:10617000601B0020581B00206006002030B5431C27
:10618000124C85B005D08442A8BF0446012CB8BF8C
:106190000124FFF78FFE0E4B0C4DD3E90013401A7C
:1061A000B0F5000F10D22218AA4228BF2A46521872
:1061B0004FF0000007490091CDE9010043F10003D1
:1061C000FFF79AFE05B030BD2A46F0E7FFFF7F00DB
:1061D00070060020015E000008B5FFF76BFE024B61
:1061E0001B68C01A08BD00BF70060020042812D822
:1061F000DFE800F00D03110D0300084BA0221A6028
:10620000074B1872074BC3F8100501207047034B6A
:106210004FF49672F3E70020704700BF681B002020
:10622000581C002000100040014804F022BF00BFAD
:10623000500100201FB5114B93F90A001B7A013B56
:10624000DBB2032B9CBF0E4AD25C0E4BDB7C4FF0C3
:10625000000188BF0522009103F5166303A9FAF730
:106260007FFF9DF80D00FAF775FF9DF80C20064B97
:10627000C3F80C2505B05DF804FB00BF581C0020D6
:106280008EBD0000380100200010004038B5002805
:106290001349144840F2044508BF4FF48065FAF7EB
:1062A0003BFF044648B9FAF72BFF204601F068F996
:1062B0000D4B1B68C3F8005238BD0C4BDB7C002B28
:1062C0000B4B0CBF81222822C3F848250022C3F8BB
:1062D0004821D3F848214FF48022C3F80423E7E78C
:1062E000D80000200801002050010020581C002088
:1062F00000A00040B0F5A47F09D1054B1A68D2F880
:10630000003223F4806323F00403C2F800327047A4
:106310005001002010B509490948FAF703FF044667
:1063200050B9FAF7EDFE204601F02AF9054B1B683B
:1063300040F20442C3F8002210BD00BFD800002084
:106340002001002050010020837842781B0443EA9A
:10635000022302781343C27843EA0253027943EAE4
:106360008253427943EA0263827943EA8263C279C3
:1063700043EA4273094AC2F81435837A417A1B040E
:1063800043EA0123017A0B43C17A43EA0163017BAB
:1063900043EA4163C2F81835704700BF001000405F
:1063A0001FB504460D220021684605F0A2F90A4BEC
:1063B00000930A4B5B7CE0B2013B8DF808008DF83E
:1063C00009008DF80A30684601238DF80B30FFF77D
:1063D000BBFF04B010BD00BF000101003801002068
:1063E00008B5FAF7A5FE0C490C48FAF79BFE0C4BD2
:1063F0001A7812B9587CFFF7D3FF0A4B0A4AC3F840
:10640000042540F21712C3F80022084B084A1A600C
:10641000084B06221A7008BDD80000202001002079
:10642000581C002000100040EC1F0020641B0020BE
:10643000396600003020002010B51C4B1B68012479
:106440001C6101F0BFF8FAF779FEFAF75FFE20460B
:106450000021174C01F03CF90023C4F80032154B21
:106460001A7812B9587CFFF79BFF134BC4F8043518
:106470000023C4F81031D4F81031012323610C4BF0
:10648000D3F81021002AFBD00021C3F81011D3F853
:10649000102140F21712C3F80022012001F0ACF8DD
:1064A000FFF738FF054B01229A6110BD5001002013
:1064B00000100040581C0020EC1F0020004001404C
:1064C0001FB518490B7823B1012B07D005B05DF833
:1064D00004FB05B05DF804EBFFF762BF0022CDF8C6
:1064E00009208DF80B30104BCDF805205B7CCDF8E2
:1064F0000120013B8DF80A3020238DF808300B7AFB
:1065000003228DF80220012B4FF006028DF80020A7
:1065100001D0042B02D101238DF805306846FFF726
:1065200013FFD3E7581C002038010020064BBFF3AF
:106530005B8F53E8001F014343E80012002AF8D1A3
:10654000BFF35B8F704700BF741B002008B508487D
:1065500004F082F958B10748436A0133082B28BF79
:1065600000234362BDE80840283004F088B908BD24
:106570004C1C0020241C0020F8B50646284804F0D6
:106580006BF907280D4649DC264B274F1A78012A5C
:1065900039D13B78C3F3050203F03F03202B3DD8EC
:1065A000224B196A53F821301A70204C2049236A73
:1065B00054F8230010F8052B05F08DF8236A54F8E1
:1065C00023305E701B4B226AD3F8483554F82220E2
:1065D00003F07F039370236A54F823301D71236AFC
:1065E00054F823207B78DB4303F00103D370236A44
:1065F0000133082B28BF002304F12800236204F094
:106600004AF90120F8BD094A116A52F82120597847
:1066100009B91170C9E75B7C1370C6E70020F1E788
:10662000201C0020581C0020EC1F0020F81B00201C
:10663000EE1F0020001000402DE9F84F6B4AD2F801
:10664000003413F0010803D1BDE8F84FFFF7F4BEA2
:10665000674804F001F90728F6DCD2F80834654EE3
:10666000DFF89491D2F80C4499F80120DBB2C2F320
:10667000410136F8230084424FEA830704D1F01920
:106680008078814200F090804FF0000AF2195B4C54
:106690009170564AD2F80C2426F82320A37C23B10B
:1066A00099F80130DB0740F19D80FAF747FD544926
:1066B0005448554DFAF730FD2478002C00F08780BF
:1066C000012C47D1494B5148D3F8081404F0C4F8C1
:1066D000002875DDDFF838B1C9B25BF82130002B36
:1066E0006ED0F0194B4AC0781C681460C8B1BAF17A
:1066F000000F16D183F804A05BF8213043489B6853
:106700004BF8213004F0BBF804F0A6F80028414A09
:106710004EDD5BF8214004B1246814600120FFF7CE
:1067200005FFF319002C45D00122DA7022782B786E
:10673000394862F3050321462B7011F8052B04F04C
:10674000CAFF6B7899F8012023F0070302F00702D3
:1067500013436B70314B07221A70FFF76BFD234B0D
:10676000D3F80824D2B2C3F82C2540F21B12C3F888
:106770000455C3F800222A4B2A4A1A60B8F1000FC8
:1067800010D01A4B3E44D3F80804B178C0B2FFF7DA
:10679000F3FE38B10420FFF7C9FE234B4FF48012FB
:1067A000C3F80021BDE8F88FC2464FF000086DE73E
:1067B0005446B2E7DC702B7864F305032B70C0E716
:1067C000F3190022DA702B7862F30503F6E720460E
:1067D000FFF7E6FD2B7899F800206C7062F3010357
:1067E0002B70B7E7FFF728FEC8E700BF0010004096
:1067F000201C0020EC1C0020EC1F0020581C002056
:10680000D8000020080100200E2000204C1C002091
:10681000781B0020501C0020102000203020002079
:10682000641B0020E163000000E100E0684620F006
:1068300007018D4601B5204BD3F80423D1060BD5B3
:10684000D3F8102142B10022C3F81021D3F810313F
:106850001A4B1B6803B19847174BD3F80423120750
:106860001ED5D3F80C21DAB1154A5278022A1DD16F
:10687000D3F80804134B5978C0B2C1F34101FFF7B4
:106880007BFE38B10420FFF751FE0F4B4FF480120E
:10689000C3F80021084B0022C3F80C21D3F80C31B7
:1068A000FCF732FFBDE8014085467047034B1B688B
:1068B000002BEFD09847EDE700100040641B00204C
:1068C000581C0020EC1F002000E100E0684620F08A
:1068D00007018D4631B5144B14481B68144D82B026
:1068E000019303F0BFFF2B680446B3B1C10704D581
:1068F00000228DF8002068469847A20705D501239D
:106900008DF8003068462B689847630705D5022349
:106910008DF8003068462B689847FCF7F5FE02B00A
:10692000BDE83140854670476C1B0020741B002079
:10693000541C00202DE9F041614BDFF888815A6A30
:10694000614F98F8004053F82250604E3D60002C93
:1069500045D0012C6BD001243B685D4D5A78C5F8B9
:106960002C255B78012707FA03F3DBB2C5F8303535
:10697000584BDA7CC5F808251433BFF35B8F53E816
:10698000001F21F0010143E80012002AF7D1BFF3F4
:106990005B8FFFF74FFC504BC5F804650222C3F82C
:1069A00080213846FCF7EEFD0020C5F80401D5F83B
:1069B0000431C5F80801D5F80831C5F81001D5F83B
:1069C0001031C5F80C012146D5F80C3100F014FE49
:1069D0002046FFF75BFC414B9F61BDE8F08198F8D2
:1069E00011003480FFF7DCFC33782A79304662F3FB
:1069F000010300F8023B294611F8052B04F06BFE59
:106A0000334B40F21B12C3F80022C3F81041D3F8F5
:106A100010211022C3F80423314BB8F80E201A605D
:106A2000304B314A1A60314B04221A7093E7EA78EE
:106A3000002333801AB198F8124084F001042B79B6
:106A4000287831785B0003F00603002A08BF43F082
:106A50000103727860F3050122F0070213433170DD
:106A60002946737011F8052B214804F034FE184BA9
:106A70001C491E4AA4B140F21B10C3F8000218487A
:106A8000B8F80E4004601848086004211170002214
:106A9000C3F81021D3F810211022C3F804235AE7B9
:106AA00040F21310C3F8000212480860032111706D
:106AB000C3F81041D3F810211022C3F804234BE788
:106AC000241C0020581C0020501C00200E200020F8
:106AD000001000403801002000E100E000400140CB
:106AE000701B0020641B0020116C0000302000206F
:106AF00010200020F96A000010B5FAF719FB124BBC
:106B00001B6801241C6100F05DFDFAF7FFFA00210B
:106B1000084600F0DDFD0D4B20461C60FFF706FD2A
:106B2000FFF714FD0A480B4B03F096FE4FF480125A
:106B300020B909490C70C3F8002110BDC3F8002129
:106B4000BDE81040FFF7F6BE500100206C1B00208E
:106B50004C1C002000E100E0302000200146C80766
:106B600008B506D5184803F068FE184B00BAC3F8FC
:106B70001C058A0706D5164803F05FFE134B00BAC2
:106B8000C3F820054B070AD51248104903F055FEFB
:106B9000C1F82405104803F050FEC1F828054FF055
:106BA0008053D3F83021082A0DD1D3F8343153B9AA
:106BB000054B0A485B7C052B18BF4FF07F40BDE8B2
:106BC000084000F0A9BC08BD3801002000100040BA
:106BD0003C01002040010020440100200000FFFF94
:106BE00008B5FAF7A5FA07490748FAF79BFA074BE1
:106BF0001A68D2F8003223F4806323F00403C2F849
:106C0000003208BDD80000202001002050010020E3
:106C100070B501210020204C204D00F059FD00F0FE
:106C2000D1FCFFF7DDFF40F21313C4F800321C4B18
:106C30001C4A1B680D33C2F84035EB7C002BAB8936
:106C40000CBF812128215B1AC2F84435164B1B6802
:106C5000002640F20222C3F80022C3F84061D3F8B4
:106C60004021C3F84461D3F8443100F0E1FD00F065
:106C7000B9FDC4F80C612878D4F80C3108B9FFF7D5
:106C80008FFB0A4BC4F80435094B0A4A1A600A4BB9
:106C900005221A7070BD00BF00100040581C002073
:106CA000681B002000A0004050010020EC1F0020C5
:106CB000641B0020216D00003020002010B50A4C1C
:106CC0000A4A2368D3F8443500208133D36000F0AA
:106CD00057FC07490548FAF71FFA20B9236840F224
:106CE0000442C3F8002210BD50010020F000002033
:106CF000D800002008B500F065FCFAF719FA032067
:106D0000FAF722FA054B1A68D2F8003223F48063AE
:106D100023F00403C2F8003208BD00BF5001002078
:106D2000F8B54B4E4B4C4C4D00F0B4FDFAF706FA5B
:106D3000FAF7ECF9D6F80C31002B3AD0D6F800343B
:106D4000D90736D50120FFF7F1FB2268EB899B1AA2
:106D5000424A03441360FFF7F9FB2B7883B1404BA1
:106D60001A7892060CD0D6F82C05597800F0070056
:106D7000C1F34101FFF700FC10B10420FFF7D6FB7F
:106D80003848394B03F068FD00280ADD2A7C012AC7
:106D900007D04FF48012C3F80021BDE8F840FFF798
:106DA000C9BD324A012111704FF48012C3F800218D
:106DB000F8BD23682D4E2E4F5A1E226063B93B68E2
:106DC000264A01241C61EB89022023441360FFF74B
:106DD000ADFB254B3470E7E71D4C0023C4F80031B0
:106DE000D4F8003140F21B13C4F800322B7813B9E9
:106DF000687CFFF7D5FA1F4BC4F804351E4B1F4AB9
:106E00001A6004233370FFF715FAFFF757FF00F0FD
:106E1000AFFC3B68D3F84421BAB1D4F85035DBB2AB
:106E2000092BC5D0D4F80041002CC1D1FFF762FF77
:106E300000F0D8FC0121204600F0DEFB0120FFF726
:106E400025FA0F4B01229A61B2E701221A60AFE7DF
:106E500000100040701B0020581C00206C1B0020FC
:106E6000EC1F00204C1C002000E100E0302000203E
:106E7000500100200E200020641B0020116C000037
:106E800000400140F8B51D4C23788BB32378012BCB
:106E900031D01B4B1B4E00251D6000F06BFD33688D
:106EA00001271F61FAF74AF9FAF742F900F08AFB65
:106EB0000320FAF749F9FAF729F9134B4FF0FF329B
:106EC000C3F80052C3F80823C3F81051D3F81021B7
:106ED0001F61D3F81021002AFBD0336800204FF047
:106EE000FF32C3F80002C3F8082301232370F8BD62
:106EF0006FF00C00FBE76FF07700F8E73020002020
:106F0000641B0020500100200010004010B50C4C04
:106F100023789BB103F0E7FC1420FCF741FB012030
:106F2000FCF73EFB0A20FCF73BFBFFF7ABFF0548F5
:106F300004F088F800F09EFD0023237010BD00BF10
:106F40003020002050010020F0B5054685B0002813
:106F500070D06E4E33780BB1FFF7D8FF03F0A7FC6B
:106F60000446002868D16A4B6A681A60694A2B4651
:106F700005F11007154618685968144603C408330C
:106F8000BB422246F7D1186820602B7803B9AB7456
:106F90006148624F03F066FC00212022604804F043
:106FA000A8FB604B002407F128001C605C60C7E967
:106FB000084403F057FC5C48C0E90844283003F05B
:106FC00051FC5A490B460134082C47F8043B03F1A5
:106FD0002503F8D1564A544800230133082B40F8C2
:106FE000042B02F12502F8D10022524B1046013247
:106FF000082A19601871986001F1250103F10C034A
:10700000F5D14D482022002104F073FBAB89B3F584
:10701000D97F0FD9287AFFF7E9F82B78012B8CBF9D
:10702000002000F001006B7A012B34D0022B06D037
:10703000002B39D06FF01504204605B0F0BD3F4A53
:107040004FF6FF71C2F83C15C2F834353C4BC2F81C
:1070500038350028EED0394F687CFFF731FA4FF011
:10706000E733C7F81C354FF04333C7F82035354BAD
:10707000C7F82435344BC7F828350023CDE902334F
:10708000324A334B3348019301A903F0C7FF88B15B
:107090006FF00D04D0E7294AFF21C2F83C15C2F871
:1070A000343540F20713D2E7244AC2F83C35C2F81F
:1070B0003435CCE700F014FC04460028BCD100F0C5
:1070C00055FC254B5860D7F85026EB7C22F0010286
:1070D0001343C7F85036012522460221142035708B
:1070E000FCF780FA224621462846FCF77BFA224626
:1070F00002210A20FCF776FA1420FCF743FA28460E
:10710000FCF740FA0A20FCF73DFA95E73020002012
:10711000541C0020581C0020741B0020241C00203C
:10712000EC1C0020E41F0020F81B0020BC1E0020E7
:10713000941D0020981B0020781B002000100040A8
:1071400021100100E743C323A363E313F5620000AA
:1071500040420F0050010020D8000020F8B54D4EED
:1071600033780446002B00F08B804B4D6B78022B5C
:1071700002D14FF0FF30F8BD10B96FF01500FAE7FB
:1071800003785A1E1F2A7ED82A7812B96A7C9A423E
:1071900079D3424803F060FB072877DC6378072B3C
:1071A000EBD86A782B78002A34D11BB96A7C237813
:1071B0009A42E2D13A4B196A53F82110224604F15F
:1071C000240052F8047B41F8047B8242F9D1127802
:1071D0000A70607833490A5C013202F003020A54F3
:1071E0001A6A607853F82220095C11711A6A2B48D8
:1071F0000132082A28BF00221A6203F04CFB6B7888
:107200002A7C134304D13378012B01D1FFF792FB81
:107210000020B0E7002BACD0234A002311461079A0
:1072200010BB0C225343CF180122CB583A71B860DF
:10723000224604F1240152F8040B43F8040B8A425D
:10724000F9D112781A700120FCF7AAF96178174A6F
:1072500052F8213073B942F82170104803F01BFB3B
:107260000120FCF78FF9CAE70133082B02F10C0269
:10727000D5D1C4E71A469B68002BFBD19760ECE799
:107280006FF00C0077E76FF0790074E76FF00B0098
:1072900071E700BF30200020581C00204C1C00204B
:1072A000241C0020E41F0020981B0020781B0020D5
:1072B00010B5214A12780346002A34D0002835D070
:1072C0001E4803F0C9FA002833D01D4C626A54F8F6
:1072D000222012781A70616A54F821104978597086
:1072E000616A54F8211091F902109970616A54F89A
:1072F000211009791971616A54F82110C978D9707F
:10730000616A54F82110581D053104F0E4F9636AEC
:107310000133082B28BF002304F12800636203F027
:10732000AEFA002010BD6FF00C00FBE76FF0150007
:10733000F8E76FF03C00F5E730200020201C00202B
:10734000F81B002038B535490B78012B63D1344C3C
:1073500063784FF0FF30002B4ED0324B0022C3F841
:107360000803C3F81021D3F81001607802282E48D2
:1073700043D13124C3F80042C3F80C21D3F80C41A7
:107380000824C3F80443026006230B70274B254DE5
:107390009A7CC5F83025DA7CC5F808251433BFF38C
:1073A0005B8F53E8001F21F0010143E80012002A1F
:1073B000F7D1BFF35B8F1E4BC5F804351D4B02227E
:1073C000C3F8802100240120FCF7DCF8C5F8044153
:1073D000D5F80431C5F80841D5F80831C5F8104191
:1073E00001202146D5F8103100F006F9FEF792FF92
:1073F000114B01229A61204638BD40F21714C3F8A0
:1074000000420E4C0460C3F81021D3F81021102262
:10741000C3F80423B8E76FF00F00EDE73020002039
:10742000581C002000100040641B00203801002080
:10743000EC1F002000E100E0004001403966000040
:1074400008B50A4A1278012A0346D0B207D14BB1D7
:107450001A68074B1A60FFF781FB002008BD6FF028
:107460000F00FBE76FF01500F8E700BF30200020A9
:107470003801002008B5094B1B78012B08D150B109
:10748000074B02685A600220FFF768FB002008BD26
:107490006FF00F00FBE76FF01500F8E730200020D9
:1074A0003801002010B50F4B1B78012B0C4613D16F
:1074B000A8B1082913D80A4601460B4804F00BF975
:1074C0000A4AFF231474C4F108042341042093746E
:1074D000FFF744FB002010BD6FF00F00FBE76FF0DB
:1074E0001500F8E73020002040010020380100207E
:1074F000642807D8064B1B78012B06D1054BD8749E
:10750000002070476FF0150070476FF00F00704754
:107510003020002038010020184BD3F81C15D3F878
:1075200020254A40024228D1D3F82415D3F8282533
:10753000C1F30720CBB2834214D0C1F3074083428A
:1075400010D0B3EB116F0DD0D1B28B420AD0C2F381
:1075500007218B4206D0C2F307418B4202D0B3EB26
:10756000126F0AD1054AD2F8743723F0807323F0E2
:10757000010343F08073C2F8743770470010004075
:107580000C4B0D491A78D30003F1804303F5F8330F
:10759000C3F810150949C3F8141501F5A83120B135
:1075A00002F51173064841F8230001239340C1F806
:1075B00004357047332000201841014000A00040EE
:1075C00044A000400A4B0B481A7801239340C0F8AE
:1075D0000835D30003F1804303F5F83302F5117247
:1075E0000021C3F81015C3F8141540F82210704795
:1075F0003320002000F00140F0B52B4B2B4C1B78C2
:107600002B4FDA0014442B4A0025C2F81851D2F847
:107610001821294A15788000EA00C0B202F18042A0
:1076200002F5F83200F1804000F58050C2F8107584
:10763000C2F81405214A05F5117042F82040204A8D
:1076400020481678F20002F1804202F5F832012457
:10765000C2F8100500F5973000F58470C2F81405E3
:1076600004FA06F604FA05F0304369B1164A174EDB
:107670001178CA0002F1804202F5F8328C40C2F85B
:1076800010752043C2F814659B0003F1804303F595
:10769000F8330122D3F80018AA400A43C3F800289F
:1076A000064BC3F80405F0BD3120002004F0014072
:1076B00018410140004001403420002000F001400A
:1076C00032200020101100403320002000A0004094
:1076D00030B5224B1C78224B1B78012000FA04F2B3
:1076E00000FA03F52A4319B11E4D2D78A840024334
:1076F000E0001D4D00F1804000F5F830DB00C5F8DA
:10770000082503F180430022C0F8102503F5F83363
:10771000C0F8142504F5117045F82020C3F8102591
:10772000C3F8142551B10F4B1B78DB0003F18043E4
:1077300003F5F833C3F81025C3F814250B4B1B7859
:107740009B0003F1804303F5F8330121D3F80028AF
:10775000A14022EA0102C3F8002830BD34200020F5
:10776000322000203320002000F001403120002092
:10777000154B164916480022C3F81821D3F81831C2
:10778000144B1B78DA0002F1804202F5F832C2F89D
:10779000101501F5973101F58471C2F814150E4AE0
:1077A0001178CA0002F1804202F5F832C2F81005E1
:1077B0000A48C2F81405012202FA03F38A4013436F
:1077C000074AC2F8043570470040014010110040DC
:1077D00044A100403220002035200020001000404D
:1077E00000F001400F4B1A780F4B1B78012101FA72
:1077F00002F09940D200DB00014302F180420B48C5
:1078000003F1804302F5F83203F5F833C0F80815A8
:107810000021C2F81015C2F81415C3F81015C3F8EA
:1078200014157047322000203520002000F0014060
:10783000134B14491B781448DA0002F1804202F518
:10784000F832C2F8101501F50F410C31C2F81415C9
:107850000E4A1178CA0002F1804202F5F832C2F8ED
:107860001005A0F511403038C2F81405012202FAC3
:1078700003F38A401343064AC2F80435704700BF39
:10788000372000200411004040A100403620002095
:1078900000F001400F4B1A780F4B1B78012101FAC1
:1078A00002F09940D200DB00014302F180420B4814
:1078B00003F1804302F5F83203F5F833C0F80815F8
:1078C0000021C2F81015C2F81415C3F81015C3F83A
:1078D00014157047372000203620002000F00140AA
:1078E00008B5002000F0F6F9002802DA6FF0120067
:1078F00008BD174B1870002000F0ECF90028F5DBEC
:10790000144B1870002000F0E5F90028EEDB124B54
:107910001870002000F0DEF90028E7DB0F4B18702C
:10792000002000F0D7F90028E0DB0D4B1870002094
:1079300000F0D0F90028D9DB0A4B1870002000F0C5
:10794000D5F90028A2BF084B18700020D0E700BF6F
:107950003420002032200020332000203720002057
:1079600036200020352000203120002000487047BC
:1079700010110040F0B5374B1F78374B1C78374B50
:107980001D78374B1978374B01261A7806FA07F01D
:1079900006FA04F306FA05FC034343EA0C0306FA6D
:1079A00001FC43EA0C0306FA02FC43EA0C03DFF88D
:1079B000B8C09CF800C0E40006FA0CF64FEAC70C09
:1079C00033430CF1804C294E04F1804404F5F83423
:1079D0000CF5F83C07F51177C6F808350023CCF80C
:1079E0001035C900CCF81435D20046F82730C4F859
:1079F0001035C4F81435EC0004F1804401F18041E5
:107A000002F1804202F5F83204F5F83401F5F8315C
:107A100005F51175C4F81035C4F8143546F825304D
:107A2000C1F81035C1F81435C2F81035C2F8143554
:107A3000C6F81035C6F814350D4B1B789B0003F1C2
:107A4000804303F5F833D3F8002822EA0002C3F894
:107A50000028F0BD342000203220002033200020F8
:107A600037200020362000203520002000F0014083
:107A70003120002008B5124B0020197800F030F9B1
:107A8000104B0020197800F02BF90F4B00201978CB
:107A900000F026F90D4B0020197800F021F90C4B6D
:107AA0000020197800F01CF90A4B0020197800F02A
:107AB00017F9094B00201978BDE8084000F01EB9FD
:107AC00034200020322000203320002037200020E6
:107AD000362000203520002031200020BFF34F8FBA
:107AE0000549064BCA6802F4E0621343CB60BFF35A
:107AF0004F8F00BFFDE700BF00ED00E00400FA0576
:107B0000024AD2F80034002BFBD0704700E001405D
:107B100010B54FF08053D3F83021082A4ED14FF0E2
:107B200080420021C2F80C11C2F81011C2F83815B9
:107B300002F54042D3F80414C2F82015D3F8081413
:107B4000C2F82415D3F80C14C2F82815D3F8101471
:107B5000C2F82C15D3F81414C2F83015D3F8181441
:107B6000C2F83415D3F81C14C2F84015D3F8201409
:107B7000C2F84415D3F82414C2F84815D3F82814D1
:107B8000C2F84C15D3F82C14C2F85015D3F83014A1
:107B9000C2F85415D3F83414C2F86015D3F8381469
:107BA000C2F86415D3F83C14C2F86815D3F8401431
:107BB000C2F86C15D3F84434C2F8703502F0B0FE48
:107BC00018B13C4B3C4AC3F88C2602F0A9FE18B110
:107BD0003A4BFB22C3F8182502F0A2FE58B14FF031
:107BE00080424FF08051D2F8E43ED1F8581261F350
:107BF0000303C2F8E43E02F093FE20B1304B4FF491
:107C00000072C3F840264FF08053D3F83031082B70
:107C100017D14FF08043D3F80024D20744BF6FF050
:107C20000102C3F800244FF08053D3F83431042B01
:107C300081BF4FF01023D3F808224FF08043C3F8E0
:107C400058254FF01021D1F80C32DB0714D51D4810
:107C50000123C0F80435FFF753FFD1F80C3223F0AD
:107C60000103C1F80C32FFF74BFF0023C0F80435C5
:107C7000FFF746FFFFF732FFD1F80032002B03DB9E
:107C8000D1F80432002B14DA0E4901234FF01020F2
:107C9000C1F804351224FFF733FFC0F80042FFF7A4
:107CA0002FFFC0F80442FFF72BFF0023C1F8043573
:107CB000DEE710BD005000404881030000F00040A6
:107CC0000090024000E00140014B1860704700BF87
:107CD0006C1C0020014B186802F034BE6C1C0020A4
:107CE000014B186802F04CBE6C1C0020024B186857
:107CF000043002F027BE00BF6C1C0020024B186845
:107D0000043002F03DBE00BF6C1C0020014B00207F
:107D10001B681847701C0020014B1B68184700BFE8
:107D2000701C002010B50C4C237993B901232371EA
:107D30000A4B2060002818BF184600F04BF850B9D5
:107D400023680748002BBDE8104008BF184600F024
:107D500091B86FF0770010BD701C00200D7D000001
:107D6000197D000008B5064B1B682BB10020FBF7FE
:107D70002BFC08B9FBF706FC024B01221A7008BD68
:107D8000701C00203820002038B54FF080440123BB
:107D9000C4F8083363600023C4F80031D4F800311C
:107DA00042F21075D4F80C24D4F80C34D20307D561
:107DB000DB0705D5012002F0C3FD013DF2D138BD3E
:107DC00002F012FE0028FAD0014B00225A71F6E7A9
:107DD000781C002010B508490C794CB901230860C3
:107DE0000B7102F001FE08B9002010BD4C71FBE7D9
:107DF0006FF07700F9E700BF781C00204FF0804358
:107E00000022C3F80021D3F80021094901221A6099
:107E1000096811B1C3F804237047D3F80021002A80
:107E2000FBD00022C3F80021D3F80031704700BF17
:107E3000781C002010B54FF08043D3F80423D207FC
:107E400015D5D3F8002192B10022C3F800210121F9
:107E5000D3F80021C3F8081302F0C6FD044B10B19B
:107E60005A7922B95971BDE810401B68184710BDF6
:107E7000781C0020074A137943B901211060117161
:107E80004FF080421846C2F8183570476FF07700FF
:107E9000704700BF801C002010B54FF080431D4C80
:107EA000D3F81814D3F8182411F4803F1AD002F034
:107EB0000302012A01D092B900224FF08043C3F897
:107EC00018250022C3F80421D3F8042101229A6066
:107ED00022688AB9D3F80421002AFBD014E002F00A
:107EE00094FDE9E7D3F81424D107E5D5D3F81C2491
:107EF0009207F4D422681AB10222C3F8042310BDF9
:107F0000D3F80421002AFBD00022C3F80421D3F8BF
:107F10000431F4E7801C0020F8B54FF08043194F7E
:107F2000D3F80443012504F01A04002604B9F8BD6F
:107F3000B4FA84F0C0F11F00830003F580739BB294
:107F400003F1804305FA00F2196892B224EA0204B0
:107F50000029EBD01E601B684FF08043022AC3F853
:107F600008230BD1D3F81814D3F81814890705D1B6
:107F7000C3F81855C3F804239D60D7E73B68C0B227
:107F80009847D3E7801C0020036803F01F025B09B9
:107F9000026004D0012B034818BF002070474FF047
:107FA000A040704700030050034A430900F01F003F
:107FB000D35C1844C0B2704792BD0000024611F075
:107FC000010030B515D18B07C1F3400022D512490D
:107FD000D1F8200550604FF08052C1F82005D2F84A
:107FE0003021082A08BFD1F82025003818BF012009
:107FF00010E04FF0A0444FF08055D4F820351360C6
:10800000C4F82035D5F83051082D08BFD4F82045E4
:10801000002BD8D030BD00BF00030050F7B5044698
:108020000846FFF7C1FF04EB40060D46B38ADB07A5
:108030002AD5204602F0ECFD2946204602F058FDE4
:1080400050B1204602F06AFD276807EB800000234C
:10805000C0F81035C0F810352946204602F087FDDB
:108060000021B18201A80195FFF78EFF019B00EB73
:108070008300074BD0F80027134043F00203C0F8F9
:108080000037084603B0F0BD6FF01500FAE700BFF7
:10809000F0F8FCFF014802F073BC00BF640100204F
:1080A00010B504480C4602F04DFC0028A4BF207017
:1080B000002010BD640100202DE9F04F074689B073
:1080C00057F8049BD9F80413C9B28346082241F03B
:1080D0000041484602F074FD051E2FDA00230321FB
:1080E00006A8CDE90633FFF769FF634B01930DF155
:1080F00018084FF0000A019A604912F8013B0192FA
:10810000DA0803F007038A5C22FA03F3DB071CD4C6
:108110000AF10103022B08F104084FF0010AEAD129
:108120004FF000410022484602F04AFD032106A814
:10813000FFF744FF0028D8D125F000450124002D89
:1081400040F0848009B0BDE8F08F4D4B534402935A
:10815000D8F80060002EDBD0029B96FAA6F61C78B9
:10816000B6FA86F646EA44142046FFF71DFF0BEBED
:108170004000F208818A18F802000594C1F38203D6
:108180000393009306F00706012303FA06F620EA9C
:10819000060008F8020005A8FFF7F6FE059A039B03
:1081A00002F5E07211F0100F50F82260C6F301469C
:1081B00033D0009A3846214602F0BAFC05A805944F
:1081C000FFF7E2FE059B03F5E073F6B250F82330AB
:1081D000C3F301439E4207D10021204602F079FCFF
:1081E0003146204602F075FC05A80594FFF7CCFE49
:1081F000059B012202FA03F3C0F820354FF08053AB
:10820000D3F83031082B01BFD0F82035D0F8203515
:10821000D0F82035D0F820359AE7022E14BF02217D
:1082200003212046039302F054FC039B032B03D04D
:10823000022E07D1012BD7D1009A2146384602F0F1
:1082400077FCD1E7032ECFD1022BF4E795FAA5F303
:10825000B3FA83F304FA03F225EA020503F5A272E6
:108260000BEB430359F82220B3F87C10C2F3014210
:10827000384602F05DFC62E7A2BD000060BB000072
:10828000A2BD0000044AD2F80034DB07FBD5016030
:10829000BFF35F8F704700BF00E001404FF0805395
:1082A0001A69B0FBF2F302FB13036BB9084B02220D
:1082B000C3F80425C3F80805D3F80024D207FBD57A
:1082C0000020C3F8040570476FF00C00704700BF32
:1082D00000E0014010B5054C0123C4F80435FFF758
:1082E000D1FF0023C4F8043510BD00BF00E00140F9
:1082F00010B5174C23783BBB0278C2F340039207BA
:108300000FD54FF08053D3F83021082A08D1D3F885
:108310003431022B02BF4FF080430122C3F83826CC
:1083200001234FF08042C2F88035037803F0010347
:10833000C2F878350020FBF747F908B9FBF722F9B6
:1083400001232370002010BD6FF07700FBE700BF12
:10835000392000204FF080434FF46072C3F80823A7
:10836000014B00221A607047881C002008B5FFF7F7
:10837000F1FF03680BB1014A136008BD881C00209F
:1083800010B54FF08043D3F80443620707D54FF48C
:10839000847002F022FE10B11E4B1B689847A306A2
:1083A00008D54FF48A7002F018FE18B11A4B00205D
:1083B0001B689847600608D54FF48C7002F00DFEDC
:1083C00018B1154B01201B689847210608D54FF4BA
:1083D0008E7002F002FE18B1104B00201B68984707
:1083E000E20508D54FF4907002F0F7FD18B10B4B81
:1083F00001201B689847A3050AD54FF4927002F03C
:10840000ECFD28B1054BBDE810401B680220184761
:1084100010BD00BF901C00208C1C0020881C002078
:10842000F8B51B4A0C68B2FBF4F304FB132565BBDB
:1084300094422AD85A1E12EA030526D1B3F5007FCA
:1084400023D802680F79D2F804454E7967F3010406
:10845000C2F80445D2F8081593FAA3F3B3FA83F3EC
:1084600066F30101C2F80815C2F810350068402310
:1084700000F58072D550D1580433582BFAD140F30F
:108480000730FBF77FF80020F8BD6FF01500FBE721
:108490000024F40070B50546C8B1047874B10D4CE1
:1084A0000D4EB44201D3002408E02168A94207D14F
:1084B000204602F01AFE002808BF0024204670BDA6
:1084C0002846F8F794FF0028F2D01C34E9E7044668
:1084D000F4E700BFACB7000038B8000038B5EFF3E0
:1084E0001185402383F31288BFF36F8F064B9C687E
:1084F00002F00EFE85F31188BFF36F8F2046BDE8B2
:108500003840FBF711B900BF941C002038B50A4B66
:1085100053F82040013053F82050A54200D838BD10
:10852000606830B1037EDB0701D402F0C6FD083479
:10853000F3E723689847FAE764BB000070B52A4B5D
:108540002A4C2B4D86B0012203201A70FFF7DEFF64
:1085500003F09CF80420FFF7D9FF2646AE4204F151
:1085600030040FD300F0CEFE204CAC4226D300F0F6
:10857000DDFEF9F79BFB1F4A938923F001039381EA
:1085800006B070BD54F80C3C059354F8103C0493AD
:1085900054F8143C039354F8183C029354F81C3CD0
:1085A000019354F8203C009354E90A2354E90C0148
:1085B00000F0A8FC54F8303C5E65CEE7D4E90A230D
:1085C000B3F1FF3F08BFB2F1FF3F05D052EA03010C
:1085D000206803D102F0BFFF3034C6E706491830E7
:1085E00001F0D6F8F8E700BF3A200020B8B9000043
:1085F000B8B9000000070020B1B4000070B5002336
:1086000086B00122CDE90423134E144D01930F22AD
:10861000CDE902321249142303FB005506EBC016C4
:1086200004464FF4C07000FB04110E4B00954FF44C
:10863000A072304600F066FC337C0B4AEE6023F0FB
:10864000040333744FF4046304FB033313442C74A6
:108650006B6006B070BD00BF80060020941C002037
:10866000C02C0020E3B10000802400207FB5002052
:10867000FFF74CFF294B83F30888294C636943F4C7
:1086800000736361E02384F8223000252023E37720
:1086900025766576A57684F82050636A43F4E02356
:1086A000636284F82350FAF7D7FEFBF727F84FF000
:1086B000FF33A362E362FBF743F9FBF79FF8194826
:1086C000194C00F097FCFBF74DFA0120FFF71EFF55
:1086D0000220FFF71BFF00F053FE144B14495C61AE
:1086E000144B059301234FF40062CDE90353CDE908
:1086F0000155114B0095204600F004FC237C0646F2
:1087000023F004032046237402F0AFFE2846FFF74F
:1087100075FF094A31462046FAF7D2FFC02C0020E7
:1087200000ED00E02008002000070020941C00203D
:10873000402E0020D9BC00003D85000038B5074C14
:10874000074DAC4201D3002038BD204602F0E3FCC7
:1087500008B91C34F5E76FF01500F5E700020020BA
:108760001C02002073B50C46EFF31181402585F300
:108770001288BFF36F8FC5685DB125602B68C36039
:10878000836901338361002081F31188BFF36F8F08
:1087900011E052EA030603D125606FF00B00F3E706
:1087A000CDE900230246083000F00AFD18B9034B5A
:1087B0009B685B69236002B070BD00BF941C002001
:1087C000F7B50D4604469DF82010EFF311874020C1
:1087D00080F31288BFF36F8F266AE06886423FD22B
:1087E0002668B44219D0C6B1304602F005FD06F144
:1087F000180002F009FF54F8082F70692946002577
:1088000002F069FF3046B56702F02FFE2046394678
:1088100002F05EFE284603B0F0BDA268A9B1E0698F
:10882000294602F058FFE369A26813446269E361D4
:10883000934201D12369E361236A0133236200205B
:1088400087F31188BFF36F8FE5E7A069236998422A
:1088500008BF6069801AA061294602F03CFFEBE77F
:1088600052EA03010BD00749896804F108004D6101
:10887000CDE900233946224600F0A2FCCBE76FF099
:108880002200DDE7941C0020F7B504460846EFF30C
:108890001186402181F31288BFF36F8F216A00296E
:1088A0003AD0A268A16902F016FFA369A268256800
:1088B00013446269A361934204BF2369A361236ADD
:1088C000AC4203F1FF33236235D02846002D33D06C
:1088D00002F092FC05F1180002F096FE6969A268A8
:1088E000E06902F0F8FEE369A26813446269E3619B
:1088F000934204BF2369E361236A002701332362A3
:108900002846AF6702F0B1FD04F10800314602F0DD
:10891000DFFD384603B0F0BD52EA030111D00A4929
:1089200089684861CDE900233146224604F10800F8
:1089300000F046FCEEE7002086F31188BFF36F8F4E
:10894000E8E76FF02200F7E7941C00202DE9F341DF
:10895000044617461E46EFF31188402383F312881E
:10896000BFF36F8F304BC2689B6872B180689842CA
:1089700017D057EA060216D188F31188BFF36F8F1C
:108980006FF00F0002B0BDE8F08193F90E10216185
:108990000132C4E9023288F31188BFF36F8F0020DF
:1089A000F0E72169F3E793F90E1090F90E30994240
:1089B00030DA9942A8BF194602F032FC0546CDE9EB
:1089C00000761A482246414600F0FAFB0028E6D01D
:1089D000EFF31186402383F31288BFF36F8FA068F3
:1089E000D0B1236821699C420AD04BB193F90E3073
:1089F0009942A8BF19466FF07F039942B8BF194644
:108A000002F00EFC40B10948314602F061FD6FF002
:108A10000A00B7E70025D2E7002DF4D186F31188CC
:108A2000BFF36F8FF3E700BF941C00203B200020B2
:108A3000F8B583680546002B3FD0234A92689342DD
:108A40003ED1C368012B03D9013BC3600020F8BDB0
:108A5000EFF31187402383F31288BFF36F8F01690F
:108A6000806802F0DDFB2C68A54207D10023C5E930
:108A7000023387F31188BFF36F8FE7E7002CF5D03F
:108A8000D4E9003213605A60237C002623F00203ED
:108A90002374C4E90066A66004F1180002F0B4FD76
:108AA000AC6094F90E302B612046A66702F0DDFC25
:108AB0000648394602F00CFDC8E76FF01500C6E71E
:108AC0004FF0FF30C3E700BF941C00203B20002084
:108AD00037B51146EFF31185402282F31288BFF3B8
:108AE0006F8F04689CB12368426823F003039442AB
:108AF000036008BF43600121204602F014FC0446D5
:108B000085F31188BFF36F8F204603B030BD51EA63
:108B10000302F5D000F10802CDE900131046294602
:108B200000F04EFB0028EFD1014B9B685C69EBE73E
:108B3000941C002070B5EFF31186402383F3128854
:108B4000BFF36F8F0468A0421AD0CCB1D4E90032D1
:108B500013605A60237C002523F002032374C4E9C8
:108B60000055A56004F1180002F04EFD2046A567EF
:108B700002F07BFC31460848BDE8704002F0A8BC1A
:108B8000D0E902329A4218BF0133836086F311881C
:108B9000BFF36F8F70BD00BF3B20002013B5EFF314
:108BA0001181402484F31288BFF36F8F846844B12D
:108BB000013C846081F31188BFF36F8F002002B005
:108BC00010BD52EA030406D181F31188BFF36F8F01
:108BD0006FF00F00F3E7CDE900230246014800F0F3
:108BE000EFFAECE73B20002070B50546EFF3118665
:108BF000402383F31288BFF36F8F00232C68A542B4
:108C000018D0BCB1D4E9003213605A60227C002332
:108C100022F00202C4E900332274A36004F11800B8
:108C200002F0F2FC6FF00A03A367204602F01DFC7D
:108C30000123E3E70022AA6023B986F31188BFF37A
:108C40006F8F70BD31460248BDE8704002F040BCF5
:108C50003B20002007B5074B0093074907484FF01A
:108C6000FF334FF4806200F00DF9002003B05DF88F
:108C700004FB00BF7CBB0000803600208007002082
:108C80002DE9FF41544E04464027EFF3118887F346
:108C90001288BFF36F8FD4F88450F5B9022104F124
:108CA0009C0002F063FB002870D004F194050022C0
:108CB0000121284602F06FFC0028F8D1002302931E
:108CC0004FF0FF324FF0FF33CDE90023414604F16E
:108CD0008C02424800F09CFCD7E7D4F888202B682F
:108CE000C4F88430954208BFC4F88830D4F89C306A
:108CF00043F00203C4F89C30EB6823F0040343F014
:108D00000103EB606B6888F31188BFF36F8F28460F
:108D10009847EFF3118887F31288BFF36F8FEB68E2
:108D2000D80623F001023ED4EA60EB689A0717D513
:108D3000306823F00203EB6090B10368002178B142
:108D4000426895423DD10368002934D1726833608E
:108D5000904200D17360002340F8083BFFF7EAFE21
:108D6000D4F89C3023F00203C4F89C30DB0530D4E7
:108D7000D4F88430003B18BF012388F31188BFF377
:108D80006F8F002B81D000F003FB7EE7D4F89C307E
:108D9000D90693D5C4F89C0088F31188BFF36F8F70
:108DA00004B0BDE8F08123F01103EB6005F1100081
:108DB000FFF7C0FEB9E70B607368984208BF7160A7
:108DC000C9E701461BB11A6818461346B7E71A46A9
:108DD000FAE70023D1E700BFB41C00203B200020AD
:108DE000F8B5C3689A0704460E46C3F3400542D45B
:108DF0005F0742D40B680BB983680B60E368D80740
:108E000044BFA368336037684CBF0225012557B3C0
:108E10001B4B9A68D7F880309A421ED102F0E4FAD0
:108E200080F00100C0B2D7F89C30D907C3F38002AC
:108E30001CD5F2B1F8B100232360D7F8883073B99C
:108E4000C7E92144384602F09CFAE36843F0040382
:108E5000E3603368A3602846F8BD0020E3E71C60A8
:108E6000C7F88840EEE76FF0150506E06FF01205D1
:108E700003E01B07DFD56FF00F0500233360EAE73F
:108E8000941C0020F0B589B004460020C4E92100FC
:108E90000E9D04F18C00C4E9230004F19400C4E9A0
:108EA000250055B32879002840F2011008BF0120A1
:108EB000C4F89C0000204FF0FF364FF0FF37CDE99B
:108EC0000330CDE90100CDE906670D4B0094204643
:108ED00000F064F855B1296811B1204602F08AFA11
:108EE0006B791BB1A38943F00103A381204602F0F3
:108EF00032FBC4F8804009B0F0BD0120D8E700BFC4
:108F0000818C00002DE9F043073285B022F0070282
:108F10000E461F461099818100F158037F32C0E947
:108F200016330446002322F03F02042183600174BB
:108F30003F2A0F98A073C4E90633E37306F1400992
:108F4000A2F1400805D883F31188BFF36F8F08465C
:108F500002DFB51829462046FAF71AF907300E9BAA
:108F600020F00700A066C4E9189802930D9B0193B6
:108F70002D1A0C9B00932A463B4631462046FAF7B1
:108F80006DFB00236365044B9B6803B1DB6EE366F6
:108F9000284605B0BDE8F083941C0020F0B587B0EA
:108FA00000250595109D04950F9D03950E9D029536
:108FB000DDE912760D9D01950C9D00950446FFF7A5
:108FC000A1FFB6F1FF3F08BFB7F1FF3F05D056EA5A
:108FD000070305D1204602F0BEFA204607B0F0BDD7
:108FE0003A46334604F11800014900F0D1FBF4E79A
:108FF000B1B400000123037483810023C0E9183356
:10900000C366014B98607047941C0020094A93681E
:109010006FF00A019967084958674B6843F080531D
:109020004B60002383F31188BFF36F8F9368986FB1
:10903000704700BF941C002000ED00E070B590F96F
:109040001020037C002A2FDBD9062DD11A4C63F0A7
:109050007F032246037452F8183FE169934207D117
:10906000C0E900210860E0610FE09942F8D01B6878
:10907000002BF5D093F90E6090F90E50AE42F4DD5E
:109080005968C0E9003108605860A569954200D070
:1090900005B9E568A3681A7CD20606D1DA897F2A69
:1090A00003D9AA690AB9636170BDAB4202D02846F0
:1090B00000F0F0FA6561F7E7941C002038B590F9EC
:1090C0001020037C002A014604DA03F07F030374B6
:1090D00002F093F90D4D2A46AB6852F8184F9442AE
:1090E00000D004B9EC688B4207D01A7CD20604D1B8
:1090F000DA897F2A01D9A2692AB1A34202D0204687
:1091000000F0C8FA23466B6138BD00BF941C0020F4
:10911000B3F1FF3F08BFB2F1FF3F03D0024918305F
:1091200000F036BB704700BFB1B40000034648B939
:10913000EFF3058232B9064A51699268914201D033
:10914000FFF764BF83F31188BFF36F8F704700BFD1
:10915000941C002038B5184CA168E0690B68814266
:1091600014BF1A46002249680B605960A368E16980
:109170002AB9124AC3E900210B60E3610AE092F9BF
:109180000E5093F90E00854212DD5168C3E90021AB
:109190000B605360A569094B9D4200D005B9E56895
:1091A000A3689D4202D0284600F074FA656138BD7C
:1091B0008A42DED01268DBE7941C0020AC1C002041
:1091C000F8B50E4B0C4611460D4A98681060DDE963
:1091D0000667EFF31182402282F31288BFF36F8F8C
:1091E0009D68284602F01BF9284632463B46FFF7A9
:1091F0008FFF2046BDE8F840FFF708BF941C002011
:10920000BC1C0020F8B50446EFF31187402383F31C
:109210001288BFF36F8F037C03F01F02002A0CBF7C
:109220000126002649B235D103F07F03037402F012
:10923000E4F8294D037C817363F07F032A460374AD
:1092400052F8183FE869934207D1C4E9002004604E
:10925000EC610DE09842F8D01B68002BF5D093F933
:109260000EC08C45F6DD5968C4E900310C605C60C5
:10927000AC69944200D004B9EC68AB689C4202D05F
:10928000204600F007FA6C6187F31188BFF36F8FF7
:109290003046F8BD9B071CD5856802F0AEF8817397
:1092A0002B689D4209D16B68C4E900531C606C6057
:1092B000EAE76A689A42F6D01B68002BF3D093F96C
:1092C0000E208A42F5DD5A68C4E9003214605C6001
:1092D000DAE78173D8E700BF941C0020034648B941
:1092E000EFF3058232B9064A51699268914201D082
:1092F000FFF78CBE83F31188BFF36F8F704700BFF9
:10930000941C0020EFF31181402383F31288BFF3F4
:109310006F8F054B9A68D37B013BD37381F3118820
:10932000BFF36F8F704700BF941C002070B5EFF340
:109330001186402383F31288BFF36F8F0F4DAB6804
:10934000DA7B0132DA732A4652F8184F944200D081
:1093500004B9EC681A7CD20604D1DA897F2A01D9D3
:10936000A2692AB19C4202D0204600F093F923461C
:109370006B613046BDE87040FFF7D8BE941C0020FA
:10938000024B03F11802C3E906227047941C002027
:1093900070B5EFF31186402383F31288BFF36F8F0C
:1093A0001A4CA168E0690B68814214BF1A4600227A
:1093B00049680B605960A368E1692AB9144AC3E996
:1093C00000210B60E3610AE092F90E5093F90E0060
:1093D000854216DD5168C3E900210B605360A56921
:1093E0000B4B9D4200D005B9E568A3689D4202D0B1
:1093F000284600F04FF965613046BDE87040FFF740
:1094000005BE8A42DAD01268D7E700BF941C00205C
:10941000AC1C0020F8B550EA010306460C4603D107
:10942000FFF7B6FF0020F8BDEFF31187402383F369
:109430001288BFF36F8F124D124BA8681860FFF7A8
:109440003DFEA868104923463246183000F0A0F9C6
:10945000AA68137C43F00403137404463846FFF7EC
:10946000D5FDAB68D3E90A23B3F1004F08BF002A4A
:10947000D8D102F0FEF8201A20EAE070D3E700BF4E
:10948000941C0020BC1C0020B1B400000C490D4A03
:1094900008B58C464FF4004E0021C0FB0EC10023DE
:1094A0006046F7F74BFFC117FFF7B4FF054947F6D2
:1094B000FF730022E0FB0132DB0B43EA424008BDB0
:1094C0003F420F0040420F00014B9868704700BFB9
:1094D000941C00202DE9F84304468789EFF3118698
:1094E000402383F31288BFF36F8F037C190705D5E0
:1094F00086F31188BFF36F8FBDE8F883D90943F075
:1095000008026FD10274A36813B1204601F07DFFF9
:1095100004F1180002F078F8A56D04F15808A84588
:1095200011D04FF0000975B1284601F06EFF05F12A
:10953000180002F069F8C5F878902846FFF77EFD1C
:10954000A56DA845EFD1DFF8BC80D8F808309C4263
:1095500050D1EFF30589B9F1000918BF4FF00109A7
:10956000D8F81850284A954200D00DB9D8F80C50B8
:10957000AB4202D0284600F08DF82046C8F81450BF
:1095800000F057FFB9F1000F02D02048FFF732FD7D
:10959000D8F808309C4230D1EFF305836BBBA28929
:1095A000D20711D586F31188BFF36F8F83F311882B
:1095B000BFF36F8F0423184602DFEFF311864023B9
:1095C00083F31288BFF36F8F3046FFF71FFDFB0751
:1095D00092D5002383F31188BFF36F8F04231846BD
:1095E00002DF89E703F07F0343F00803037401F00F
:1095F00004FF88E74FF00009B2E786F31188BFF354
:109600006F8FE4E7941C0020AC1C00202008002091
:10961000D3B5DDE90667089CCDE90067FFF7D0FD0B
:109620001CB1034B9B685B69236002B0D0BD00BFD7
:10963000941C0020027C12F01F02034610D10A493C
:1096400088420DD00949086868B1D9897F2909D8AD
:1096500093F90E20064B1B689A42B8BF0020704752
:1096600000207047104670478006002068010020E7
:10967000C01C0020044BC01A044BC0105843044BBC
:1096800001221A54704700BFA0080020ABAAAAAA62
:109690003B20002070B50C4B0C4D1E7CFFF7CAFF21
:1096A000182303FB06550446284601F0ADFF084B7E
:1096B00000229A553CB1621E28460649BDE870401A
:1096C000D31700F065B870BD941C0020A0080020DE
:1096D0003B2000207596000038B5EFF3118540233C
:1096E00083F31288BFF36F8F0F4B104A9C6810688A
:1096F000A04206D1FFF7CEFF85F31188BFF36F8F2D
:1097000038BD00211B7C1160094AD35C002BF3D0CB
:109710002046FFF78FFF0028EED0237CDB0601D127
:10972000FFF718FD2046E5E7941C0020BC1C002034
:109730003B200020024B1868984208BF0020704769
:109740006C010020034B1B680BB9FCF745BD0020E2
:10975000704700BFC41C002030B570B10B4B5B6874
:1097600098420AD0036843B1D3E90421D0E9044503
:10977000121941EB0501C3E90421D0E9003213605D
:109780005A600023C0E9003330BD00BF6C010020E7
:10979000B3F1FF3F08BFB2F1FF3F2DE9F84F044698
:1097A000994615461F467AD08160EFF31188402311
:1097B00083F31288BFF36F8FB9F1000FDFF8E4A0D5
:1097C00020DBFFF7BFFFDAE90027013549F1000987
:1097D0002D1849EBE073C4E90453AD18064643EB7A
:1097E00007074FF00109FFF7A5FFDFF8BCE0DEF83F
:1097F00004A00346EBB9C4E900EACAF80040CEF879
:10980000044028E0DAE900126FF001035B1A4FF020
:10981000FF3161EB02025B1B62EB0902012B72F16B
:109820000001BCBF01230022C0E904324FF000094F
:10983000D9E7D3E9041CD4E904208A4270EB0C0B6D
:1098400024DA891A5A686CEB0000C3E90410C4E9F1
:10985000003214605C60FFF76DFF84420ED1134B41
:109860001B685BB9B9F1000F02D1FFF76BFF064629
:10987000304601F0B2FE0021FCF780FC88F311882D
:10988000BFF36F8F28463946BDE8F88F521A60EB58
:109890000C005345C4E90420ADD01B68AAE700259D
:1098A0002F46EFE7B80800206C010020C41C002000
:1098B0002DE9F047DFF8A890DFF8A880C9F800008C
:1098C0000246FFF737FF0D4600260027D8E90013B0
:1098D0004FEAE27E50B1D0E9044CA2427EEB0C0A82
:1098E0001BDAA41A6CEB0E06C0E9044652184FF0BE
:1098F000000443EB0E032046C8E90023C9F80040EA
:1099000001F06BFE2146FCF739FC85F31188BFF3AB
:109910006F8FBDE8F047FFF7DFBE611843EBE473DC
:10992000C0E90467C8E90013FFF716FF01224FF0F2
:109930000043C0E9042385F31188BFF36F8F836868
:109940009847EFF31185402383F31288BFF36F8F9D
:10995000D9F80020121BC9F80020FFF7EBFEB5E78D
:10996000C41C0020B808002010B5EFF31184402378
:1099700083F31288BFF36F8FFFF7E4FE054A0346B7
:10998000D2E90001181841EBE37184F31188BFF3A9
:109990006F8F10BDB8080020F8B507460C46164674
:1099A00001F022FD08B10020F8BD0D4B9B68DD6E73
:1099B000002DF8D0221DF6D2EFF31184402383F35B
:1099C0001288BFF36F8F47F004012846B04784F335
:1099D0001188BFF36F8F0028E5D040F8045BE3E700
:1099E000941C00200146024A0020FFF7D5BF00BFAB
:1099F0007BA0000038B5064C064DAC4201D30020D8
:109A000038BDD4E90112204601F041FE1434F4E7D8
:109A10001C0200201C02002010B50A4C23681BB158
:109A200001232360002010BD00F0F0F80028F7D0DB
:109A30000138062803D8044B53F8200010BD034812
:109A400010BD00BFC81C002088BB0000FE8FFFFFB8
:109A5000BFF34F8F0549064BCA6802F4E062134317
:109A6000CB60BFF34F8F00BFFDE700BF00ED00E00C
:109A70000400FA0510B4094B09490A4C4FF0FE32B4
:109A8000C3F800244968C3F80424C3F80824C3F8C1
:109A90000C240023C4F8003510BC084700B0025065
:109AA0007401002000A00250D0E90012014BC3E96C
:109AB000001270477401002010B5044650B163686D
:109AC00013F0685F05D0064A934202D0002323605A
:109AD000626010BD034B04485B689847EFE700BF26
:109AE0002C5F5CA974010020A4BB0000C8B14368CE
:109AF0000D4A934213D013F0685F0ED0012350E853
:109B0000002F194640E8001C9CF0000FF7D1012AF5
:109B1000F5D0BFF35F8F00207047044870470448BA
:109B200070476FF4E04070472C5F5CA9E98FFFFF3E
:109B3000EA8FFFFF80B14368094A93420AD013F0CD
:109B4000685F05D0BFF35F8F00230360184670473E
:109B500004487047044870476FF4E040704700BF06
:109B60002C5F5CA9E98FFFFFEA8FFFFF10B5044669
:109B700020B1044B63600022226010BD0248FFF751
:109B800079FFF6E73A00003ACCBB000010B5D0E907
:109B90000023194C6360D0E90230C4E9023022602E
:109BA000164BD1F800C0C3F800C0D1F804C0C3F808
:109BB00004C01348D1F808C0C3F808C0D1F80CC0DD
:109BC0000969C3F80CC01961436813F0685F04D0D9
:109BD0000C490023C0E9003190470B48436813F05B
:109BE000685F07D0074923680022C0E90021BDE86B
:109BF0001040184710BD00BF900100207C010020DC
:109C0000B00100202C5F5CA9A801002008B500F07D
:109C100013F830B900F014F828B9064AC2F80C0A53
:109C200008BD032008BD00F009F800F043F8042047
:109C300008BD00BF00B002500020704700207047F0
:109C400010B5154800F05EF800B110BD134800F0E3
:109C500059F80028F9D1124C204600F053F800289A
:109C6000F3D1104B10481C6000F04CF80028ECD1E8
:109C70000E4800F047F80028E7D10D4800F042F800
:109C800001460028E1D100F039F8044608B900F097
:109C90004DF8204610BD00BFF0010020EC0100206F
:109CA000E8010020E0010020E4010020DC010020A8
:109CB000D801002008B50B4800F02EF80A4800F043
:109CC0002BF80A4800F028F8094800F025F8094860
:109CD00000F022F8084800F01FF8BDE8084000F046
:109CE0000FB800BFF0010020EC010020E8010020C7
:109CF000E4010020DC010020D80100200020704792
:109D0000704700BF08B5034B02681B68106898478E
:109D1000002008BD9001002008B5034B02685B6875
:109D200010689847002008BD9001002070B5094CCC
:109D3000094D2069AB68984718B1084B08485B6823
:109D40009847084AEB68206900211160BDE870401F
:109D5000184700BF7C010020900100207401002002
:109D6000F0BB0000E41C0020704708B501F085FC42
:109D70004FF47A72A0FB020302FB0133C00B40EAEE
:109D8000434008BDBFF35B8F50E8003F40E800123E
:109D9000002AF9D1BFF35B8F70471FB5002308225B
:109DA000CDE9023301930DEB020101AB00F097FB0B
:109DB00080B9019B73B1012B04D09DF80800431EAC
:109DC0005842584100F110030DEB030010F8080C45
:109DD000F7F7FEFC05B05DF804FBBFF35B8F50E8BE
:109DE000003F013340E80032002AF8D1BFF35B8F17
:109DF000704700EBC100408840087047F8B5034643
:109E0000FFF7F7FFB0FA80F0C0F11F0003EB800C02
:109E1000CA00DCF81060171D0C4606328DB256B928
:109E2000012101FA00F0D9680143D960CCF8104053
:109E3000DD539D52F8BDF1000431585AD85303EB5D
:109E4000C0009E52C5805D52F4E710B500EBC1041E
:109E5000E388994202F104010AD1012303FA02F2D4
:109E6000C36823EA0203C360002340F8213010BD19
:109E7000A28840F8213000EBC20100EBC300CB8088
:109E80008280F4E708B50346FFF7B3FFB0FA80F22B
:109E9000C2F11F021846BDE80840FFF7D6BF2DE902
:109EA000F843B1FA81F3C3F11F0200EB82090646C1
:109EB000D9F810700D4687B9C3F120034FF0FF3475
:109EC0009C40F3681C4014D094FAA4F2B2FA82F2D7
:109ED000131D56F82340214608E03C464FF0030886
:109EE00021463046FFF785FFA84205D33046FFF7ED
:109EF000ACFF2046BDE8F88306EBC404B8F10108C6
:109F0000E488C9F81040D7D0A742E9D1D4E738B5E2
:109F10000446FFF76EFF0D46034611462046FFF745
:109F200068FF03449BB204EBC5055A006A802046D3
:109F3000FFF75FFF014424F8313038BD70B50446A7
:109F4000FFF757FF0B4604EBC305511A9B1A89B262
:109F500003444E009BB204EBC2006E805D0045805E
:109F600024F8321020461146FFF743FF014424F83D
:109F7000313070BDF8B5002951D004680D1F2D1B7C
:109F8000EE0825F007056219538813F0010306D186
:109F900083F31188BFF36F8F0423184602DF314625
:109FA0002046FFF726FF304434F83030C01A86428E
:109FB00007D0002383F31188BFF36F8F0423184663
:109FC00002DF538823F00103538031462046FFF718
:109FD00010FF371804EBC7035B88DA0708D439464B
:109FE0002046FFF74FFF3A4631462046FFF78FFFE6
:109FF000655B751B04EBC5035B88DB0709D4294649
:10A000002046FFF73FFF324629462046FFF77FFFF5
:10A010002E4631462046BDE8F840FFF7EFBEF8BDBA
:10A0200070B509B9002070BD056801F007030B3356
:10A03000CC0804EBD304AB689C4228BF1C462146E5
:10A040002846FFF72CFF06460028EBD0014628469D
:10A05000FFF7CFFEA04207D932192846FFF76EFF5F
:10A0600011462846FFF7CAFE05EBC6021046538884
:10A0700043F0010353800430D5E71146FFF7D0BF0A
:10A08000043A2DE9F843CC1D114424F0070421F0D3
:10A090000706A6EB04084FEAD807B7FA87F2C2F121
:10A0A0002405AD004FF000090735C2F12002ED088C
:10A0B00004604946A760C4F80C90920004F11000B7
:10A0C00001F017FBAAB2530043F0010363807B1B2E
:10A0D0009BB204EBC5015800A4F80090488024F816
:10A0E0003520A6F8029024F8083004EBC70329466F
:10A0F0005A8842F001025A802046BDE8F843FFF733
:10A100007DBE036800220BB9184670478B4210D100
:10A110000B6842B942680360914200D1436000235A
:10A120000B600120704713604368994208BF42608A
:10A13000F5E71A461B68E6E7038B13F0070306D121
:10A140000368002B18BF032008BF00207047022BB4
:10A1500005D1408BB0FA80F0400980007047012B98
:10A1600004D10368002B18BF0520EDE700207047DD
:10A1700010B50C4600B111B96FF0150010BD081DE7
:10A1800000F0C6F80028F9D1A368032BF6D9F3E74D
:10A190002DE9F0410D4607461946281D90461E46FA
:10A1A00000F0C7F8044638B13346424629463846DF
:10A1B000A446BDE8F0416047BDE8F08110B4EFF37C
:10A1C0001182402484F31288BFF36F8F416110BC69
:10A1D0000121F7F73BBF38B50C46054658B151B1E0
:10A1E0000B6843B14B6833B11C22002101F081FAA6
:10A1F0002C61002038BD6FF01500FBE7F8B5044670
:10A200000E46FFF7B5FF051E3BDBEFF3118240233F
:10A2100083F31288BFF36F8F638B278B4FF6FF7129
:10A220008B4207F007072ED0062F2FD8DFE807F064
:10A23000182E082E180418006FF08505002303E07F
:10A24000013363830225012382F31188BFF36F8FEB
:10A25000BBB100233A4631462046FFF799FF10E094
:10A2600000233360636823B9C4E9006627B13D4623
:10A27000E4E71E606660F9E702212046F7F7E6FE94
:10A280003D462846F8BD6FF00A05D7E76FF0040594
:10A29000D4E710B5EFF31182402383F31288BFF3A4
:10A2A0006F8F048B04F00704022C0AD0012C0CBF22
:10A2B0006FF004006FF0850082F31188BFF36F8F99
:10A2C00008E0438B013B9BB2438323B92146F7F758
:10A2D000BDFE204610BD2046EEE738B5A8B1A1B1BD
:10A2E000EFF31185402282F31288BFF36F8F048B46
:10A2F000FFF707FF30B104F0070085F31188BFF3C3
:10A300006F8F38BD6FF07700F7E76FF01500F8E753
:10A31000034658B1426802F00302012A03D0032A1F
:10A3200004D1026812B10020986070476FF01500E8
:10A3300070474268816002F00302032A4FF0000276
:10A3400003460CBF006810465A607047704710F013
:10A35000700F08D100F07F0310F0800F18BF10338A
:10A36000012098407047002070472DE9F8430646C9
:10A370000F469046994604254B464246394630469C
:10A38000FAF78AF910F10B0F044603D1FFF700F832
:10A39000013DF1D12046BDE8F88300F0E9B800683E
:10A3A00040B150F8043C5B688B42A0F1040001D03E
:10A3B0004068F5E77047006850B150F8043C5B68AE
:10A3C0005B689B788B42A0F1040001D04068F3E702
:10A3D000704730B5006888B150F8043C5B681A6A71
:10A3E0001D7F04380023043ADCB2A54201D840683E
:10A3F000F1E7013312F833408C42F5D130BDFEE76E
:10A4000001F077B901F067B9012801D1EFF30583B5
:10A41000FEF764B801460068FFF7F6BF08B5F8F725
:10A42000B3FEBDE80840F9F76FB900210120FFF73E
:10A43000EBBF6FF08500704761B662B680F311889C
:10A44000BFF36F8F704772B6002383F31188BFF399
:10A450006F8FBFF34F8F30BF62B6BFF36F8F704700
:10A4600072B6002383F31188BFF36F8FBFF34F8F52
:10A4700020BF80F31188BFF36F8F62B6704720282A
:10A4800009D9B0F1004F08D80138B0FA80F0C0F116
:10A490001F0040007047082070473E20704702238D
:10A4A00081700371704700207047036942685B68E0
:10A4B00052681374C3F3072353740020704730B4F9
:10A4C00044680069457B35B1807B20B9206A30BC87
:10A4D0000079FFF74ABF6FF00A0030BC7047406850
:10A4E000006A007BFFF759BF10B50369C0E9053367
:10A4F0000023C360837F044613B1407AFAF75EFFFE
:10A500000123237700236377E377A37710BDFEF75A
:10A510001DBAFEF78DBA0378027903F00F011AB95C
:10A5200051B14FF0FF3070470829FAD8012A03D102
:10A53000C3F3C0000138704743F3C000704738B51B
:10A540000146F9F757FC054660B1037A6BB108463E
:10A550000024FAF7B5FF2846AC77FFF7C5FF2C7249
:10A56000204638BD6FF01500FBE76FF07700F8E785
:10A5700070B504460E461546FAF704F930B906B927
:10A5800025B12046BDE87040FAF744B970BD4FF0E0
:10A590008053D3F83021082A05D1D3F8340100388C
:10A5A00018BF0120704700207047C343C3F3C01396
:10A5B00000F00F0000EB0310704708B5FAF798F9A8
:10A5C000818208BD08B5FAF793F9EFF311834022B1
:10A5D00082F31288BFF36F8F02690A60027B2AB987
:10A5E000807D83F31188BFF36F8F08BD0420F8E7E7
:10A5F0000369C9B20C2202FB0133186C00F007009A
:10A60000704770B50346C9B20069EFF31186402464
:10A6100084F31288BFF36F8F0C2505FB0104246CB3
:10A6200014F0C00401D0A24210D105FB01000122A8
:10A630000264002086F31188BFF36F8F28B95B682E
:10A6400003EBC1035B689847002070BD4FF0FF30FB
:10A65000F0E78022FFF7D5BFF8B5069F04690546ED
:10A66000C9B2EFF3118C402080F31288BFF36F8FD3
:10A670000C2606FB0146306C00F0070EBEF1010F00
:10A6800011D1376400268CF31188BFF36F8F46B960
:10A690000C2000FB0144C4E90E236B6853F83130F1
:10A6A00098473046F8BD00F0C00087420CBF6FF0FD
:10A6B00077064FF0FF36E6E713B580240094FFF7E6
:10A6C000CBFF02B010BD10B40069CBB21C2404FB58
:10A6D0000300002110BC10471046FEF72BBA00F013
:10A6E000ADB9FDF7D9BB10B50C4600F068FC0023EE
:10A6F000C4E90003184610BD38B505460C4600F005
:10A700005EFC002D07DBA84205D9401B84428CBFAC
:10A710000020012038BD0020FCE770B50D4628461A
:10A72000194616461C46FFF7E7FF38B124B122460A
:10A730002946304600F0CFFF002070BD6FF01500B5
:10A74000FBE743685B68D3F810350B600020704767
:10A7500043685B6802EA010021EA0201C3F80805C8
:10A76000C3F80C150020704743685B680020C3F8ED
:10A770000815704743685B680020C3F80C157047E4
:10A7800043685B68D3F8042521EA02001140C3F84E
:10A790000805C3F80C150020704730B503695868E8
:10A7A00000B30024884219D108688CB99C685860AD
:10A7B000A14200D19860002008602AB15A680A605E
:10A7C0009A68596002B9996000200FE02846E9E7CD
:10A7D00020609868814208BF9C60ECE705680446E9
:10A7E000002DF3D1002AE9D16FF0150030BDFDF73F
:10A7F00063BC13B54FF080520829136E526E28BF08
:10A80000082112BA00921BBA0C460A466946019307
:10A8100000F061FF204602B010BD00F150039B0024
:10A820009BB203F1804303F5883300221A601B6852
:10A83000704708B5FBF73EFB08BD036893FAA3F326
:10A8400018061A0A40EA136002F47F421B02104302
:10A8500003F47F0318437047BFF35B8F0068BFF3B7
:10A860005B8F704703460022BFF35B8F53E8000FF6
:10A8700043E800210029F9D1BFF35B8F7047BFF394
:10A880005B8F50E8003F013B40E80032002AF8D1DE
:10A89000BFF35B8F7047BFF35B8F50E8003F01331E
:10A8A00040E80032002AF8D1BFF35B8F70471FB534
:10A8B0000020FAF785FF98B10023019303936946BE
:10A8C00001230293FFF79AFC002806DB029B9B07FB
:10A8D00002D0FEF75DFDF9E7039805B05DF804FBD3
:10A8E0006FF01200F9E708B50020FAF769FF20B110
:10A8F000FFF7CFFC00EAE07008BD6FF01200FBE745
:10A9000008B5F6F735FD002008BDFFF785B808B596
:10A91000F8F726FBF8F7FAFBBDE80840FFF77CB82C
:10A920004FF08053D3F83021082A03BFD3F8340105
:10A93000B0FA80F040090020704703460020184715
:10A9400000F0B7BB10B502461168B1B1BFF35B8F21
:10A95000B1FA81F3C3F11F000123834021EA03030D
:10A9600052E8004F8C4204D142E8003CBCF1000F99
:10A97000F6D1BFF35B8FE7D110BD6FF00B00FBE7A3
:10A9800010B50368CB40DB0714D401238B40026869
:10A99000BFF35B8F43EA020150E8004F944204D1B9
:10A9A00040E8001CBCF1000FF6D1BFF35B8FEED185
:10A9B000002010BD6FF01500FBE710B1012802D098
:10A9C0007047FDF769BAFDF719BA18B1012803D12C
:10A9D00000F019B800F032B8704708B5FDF72AFA50
:10A9E000BDE80840FDF798BA4FF08053D3F8302106
:10A9F000082A06D1D3F8340102288CBF0020012098
:10AA0000704700207047FDF7BFB938B54FF080445C
:10AA10000223C4F808330123E3600023C4F804319F
:10AA2000D4F8043142F21075D4F81834DB0304D59D
:10AA30000120FFF785FF013DF6D138BDFFF7E5BFE7
:10AA4000F7B5019001A8DDE9084716461D46FDF758
:10AA50009BFA019BB6F1000C18BF4FF0010C00EB04
:10AA600083000B1E18BF0123002D43EA4C030CBFCB
:10AA70004FF0000C4FF00C0C002C43EA0C030CBF01
:10AA80004FF0000C4FF4E06C002F43EA0C03D0F8B9
:10AA900000270CBF4FF0000C4FF4403C43EA0C037E
:10AAA00022EA030301B109780EB136787600194322
:10AAB0000DB12D78AD0031430CB124782402294327
:10AAC0000FB13F783F040C433C43C0F8004703B04C
:10AAD000F0BD1FB50DF10F03019300238DF80F108A
:10AAE00000931A461946FFF7ABFF05B05DF804FB6B
:10AAF00010B504460846FDF757FA04EB4004207DE4
:10AB0000C0F3401010BD10B504460846FDF74CFADE
:10AB100004EB4004207DC0F3400010BD10B5044696
:10AB20000846FDF741FA04EB4004A08A400B10BD33
:10AB300070B5044608461646FDF736FA08300D464D
:10AB400034F81030DA0509D5C3F3432304EBC3020C
:10AB5000314654F83330526828469847A3682BB1E1
:10AB6000E26831462846BDE87040184770BD10B510
:10AB700004460846FDF718FA04EB4000838ADA051C
:10AB80001DD5C3F3432123F4F853838204F1120249
:10AB900004F1720032F8023F13F4807F03D0C3F354
:10ABA000432399420BD08242F4D104EBC10300222B
:10ABB0005A6004F17800BDE81040FFF7E1BE10BD17
:10ABC000F0B5034600F58074002005460127844651
:10ABD00095420AD1D3F87C2132B10022C3F87C21FE
:10ABE000D3F87C3140F00040F0BD25F0404607FA34
:10ABF00006F6314209D0D4F800E0BEF1000F04D0CF
:10AC0000C4F800C0D4F800E0304301350434DFE775
:10AC100038B504460D46FFF76BFFA8B12046FFF795
:10AC200072FF88B92046FFF779FF2268012383402D
:10AC3000C2F80833236803EB8000D0F8103523F006
:10AC40000303C0F8103538BD28460021BDE8384060
:10AC5000FFF73FBF2DE9F043174685B0044608468D
:10AC6000FDF7A2F9D7F800800E460546B8F1000FAF
:10AC70001ED02046FFF747FF18B12046FFF738FFE8
:10AC800020BB0023CDE900338DF80E308DF80F3056
:10AC90000DF10F0243460DF10E013046FFF7D0FED5
:10ACA00004EB4502938A23F0020343F001039382ED
:10ACB0007B689BB33146204693F80080D3F804901C
:10ACC000FFF721FF28B1B9F1000F1FD06FF0150079
:10ACD00027E004EB4500838A23F4604323F020033C
:10ACE0008382B9F1000F11D0B8F1030FEED87B6861
:10ACF00021685B6893F800C04FEA8C031944B8F1EF
:10AD0000000F11D1C1F81085C1F8108504EB450280
:10AD1000938A23F01C0343EA88039382BB6843BBF6
:10AD2000002005B0BDE8F083D1F8102522F0030221
:10AD3000C1F8102522681344D3F8102522F44F32AD
:10AD400022F44072C3F810253202D3F8101502F431
:10AD50007C5242EA08420A43C3F8102504EB4C0334
:10AD6000A3F87C60838A43EA4C3343F02003838258
:10AD7000CCE7D3E9007831462046FFF7F8FE002FF4
:10AD8000CED063689F4206D004F17800FFF7DAFD69
:10AD9000002804DAC5E7A3689845F5D1002004EB44
:10ADA000C003C3E9017804EB4505C0B2AB8A43EAAE
:10ADB000402343F48073AB82B2E72DE9F0430546AC
:10ADC00085B0084616461F46FDF7EEF80C4680464D
:10ADD00026B32846FFF797FE18B92846FFF788FEE6
:10ADE00018BB05EB4809B9F8143003F01C0313B184
:10ADF0007378012B19D001238DF80F300023CDE992
:10AE00000063721CB31C0DF10F012046FFF718FE02
:10AE1000B9F8143043F00303A9F81430002F3FD0E1
:10AE200021462846FFF76FFE20B96FF0150005B0E8
:10AE3000BDE8F0833E782B6803EB86030022C3F85D
:10AE40001025C3F8102505EB48024FEA860C938ABB
:10AE500023F4604323F020039382787800B32968B9
:10AE6000BF7861440004D1F8103523F4991323F41A
:10AE7000F853C1F81035230200F4403003F47C533A
:10AE800003433805D1F8105500F4801003432B43D9
:10AE9000C1F81035938A43EA463343F02003938286
:10AEA0000020C4E7C0E90312704770B50446154698
:10AEB000FFF71EFE48B10846FDF776F804EB4004A4
:10AEC0000020A38A5B0B2B7070BD6FF01500FBE7B1
:10AED00038B590F88C4005469CB960222146143064
:10AEE00000F007FC2868C0F87C41D0F87C3140F3C2
:10AEF0000730F8F747FB012385F88C30AB67204615
:10AF000038BD6FF07700FBE790F88C00003818BF71
:10AF100001207047FDF782B82DE9F341044617463A
:10AF2000FFF7E6FD0D462668F0B12046FFF7EBFD82
:10AF30008046C8B92046FFF7F1FD820002F5807314
:10AF400046F80380F35823681344D3F8102542F0E1
:10AF50000102C3F8102527B1226801238340C2F8FB
:10AF6000043302B0BDE8F081D6F80433002BA4BF4F
:10AF70004FF00043C6F804332846FDF715F804EBFC
:10AF80004004A38AC3F38203042B12D0052B12D0F2
:10AF900001A80195FCF7F8FF019BD0F81015D940E6
:10AFA00001F001010231284602B0BDE8F041FFF78F
:10AFB00090BD0321F7E70221F5E7FFF729BE4FF027
:10AFC00080531A695869504370474FF0805318698D
:10AFD00070474FF080535869704700F180431A68FA
:10AFE000002A1FBF00221A601B68012008BF002032
:10AFF00070474FF080434FF46072C3F804237047EA
:10B000004FF080434FF46072C3F80823704708B5CF
:10B01000FDF7B6F9BDE80840FFF7DFBC38B5057BA2
:10B02000044665B9426041B18B688360FDF7F8F969
:10B03000B0FA80F35B09237338BD0846F8E76FF078
:10B040007700F9E710B50446006840F30730F8F7D9
:10B05000A7FA2268D2F800320023C2F80032226830
:10B060004FF0FF31C2F808132268012111612373E8
:10B0700010BDF8B50368D3F8045304460126002731
:10B0800005B9F8BD95FAA5F3B3FA83F3980006FA6B
:10B0900003F300F5807025EA030523681A58002A97
:10B0A000EED01F501B586368002BE9D0A168984769
:10B0B000E6E708B1F8F734BD704710B543690446B8
:10B0C0003BB90020E268537843F0010353704042DB
:10B0D00010BD98470028F4D00028B8BF4042E3686C
:10B0E000FF28A8BFFF201870ECE740B1C36858786C
:10B0F00010F001001EBF1878B0FA80F040097047C8
:10B10000EFF31183402383F31288BFF36F8FFEE7C1
:10B1100008B5FFF7F5FF10B542696AB1836842EAE6
:10B120000301890708D10169A2FB011424B95B1846
:10B130002CBF0121002102D36FF0150005E0C16092
:10B140009B1A02698A4201D8002010BDC2681A60A9
:10B150004269C36001319B1AF3E710B5C0E90432BC
:10B160000023816083610446FFF7D5FF08B9C4E975
:10B17000004410BD2DE9F04105460F46EFF311885C
:10B18000402383F31288BFF36F8FC668F6B9046853
:10B19000A0421BD0D4B1D4E9003213605A60237CA2
:10B1A000A66023F002032374C4E9006604F11800CA
:10B1B00000F02AFA2046A667676100F056F941467A
:10B1C00005F10800BDE8F04100F082B93E60AB69CE
:10B1D000EF60013BAB6188F31188BFF36F8FBDE86F
:10B1E000F08108B54024EFF3118384F31288BFF394
:10B1F0006F8FFFF728F9F6E7D0E9003213605A6045
:10B20000027C002322F00202C0E900330274836052
:10B21000704713B501240094FDF7D2FA02B010BDB7
:10B2200090F90E308B4201D0FDF7ECBF0020704743
:10B2300003460020C3E90200C3E900337047D0E9A8
:10B24000003213605A60027C002322F00202C0E93F
:10B2500000330274836070472DE9F843904604463A
:10B260009DF820200D46EFF31187402181F31288CD
:10B27000BFF36F8F02B14568A66804F10809B145B4
:10B2800015D0A6B13046FFF7DAFF002406F118000A
:10B2900000F0BAF93046B467C6F8148000F0E5F85B
:10B2A0004846394600F014F92046BDE8F883A3B1BA
:10B2B0000820FEF797FB002832D00122C0F8048056
:10B2C0000260016801F003015DB922680A4302606F
:10B2D000626820606AB960600BE0C8F800304046E0
:10B2E000EFE72A68032A10D80160616839B9C4E918
:10B2F0000000002087F31188BFF36F8FD5E70A683D
:10B3000002F0030202430A60E5E722F003020A4367
:10B3100002602A6802F0030240EA02032B60E8E7B9
:10B320006FF00B00E6E710B5044630B102689307F2
:10B3300003D0446809B100F0A2F9204610BD07B55A
:10B340000123009300230A461946FFF785FF03B047
:10B350005DF804FB3AB18A4205D3C0E90212C0E9A4
:10B360000000002070476FF015007047026801234D
:10B370008B4022EA0303036022FA01F000F001008F
:10B38000704720B1002211468C3000F004B970479C
:10B3900038B504460D461022002100F0AAF9656078
:10B3A00038BD13B501900846EFF31184402383F3B1
:10B3B0001288BFF36F8F01A9FDF712FD84F3118886
:10B3C000BFF36F8F02B010BD10B5FFF7EAFF041E88
:10B3D00008DDEFF31180402383F31288BFF36F8FF2
:10B3E000FDF77CFF204610BDEFF30580003818BF45
:10B3F000012070476FF057007047D0E900321360AA
:10B400005A600023C0E90033704708B5FFF7F5FF25
:10B41000037C23F0020303740023836008BD38B566
:10B4200004460D46FDF74AFE237C43F002032374D5
:10B43000D5B1A5602B689D4209D16B68C4E9005362
:10B440001C606C6010E06A689A42F6D01B68002BA2
:10B45000F3D093F90E1094F90E209142F3DD5A685F
:10B46000C4E9003214605C6038BD10B5EFF311849C
:10B47000402383F31288BFF36F8FFDF7DFFD84F362
:10B480001188BFF36F8F10BD08B5037C13F0280F30
:10B4900001460CD183680BB1FFF7B7FF0B7C23F09B
:10B4A00004030B740846BDE80840FDF7C7BD08BD9E
:10B4B00010B5EFF31184402383F31288BFF36F8F2D
:10B4C0001838FFF7E1FF84F31188BFF36F8F10BDC9
:10B4D0000846FDF72BBE38B504680546AC424FF070
:10B4E000000000D138BD002CFCD02046FFF78DFFB6
:10B4F00004F1180000F088F82046FDF79FFD2C6845
:10B500000120A542EDE710B5EFF31184402383F34A
:10B510001288BFF36F8FFFF7DEFF84F31188BFF34C
:10B520006F8F10BD38B50C460546FDF773FFB4F1BB
:10B53000FF3F08BFB5F1FF3F1FBF47F6FF73002273
:10B540004FF47A71E0FB01321ABFD80B40EA424057
:10B550004FF0FF3038BD38B50446EFF31185402376
:10B5600083F31288BFF36F8F037C5B070ED518300F
:10B5700000F04AF8237C23F0040320462374FDF7EF
:10B580005DFD2846BDE83840FDF7D0BD85F3118844
:10B59000BFF36F8F38BD38B5EFF31185402383F3C8
:10B5A0001288BFF36F8F0468A04212D09CB1A167CC
:10B5B00062612046FFF729FF04F1180000F024F82B
:10B5C0002046FDF73BFD012085F31188BFF36F8F07
:10B5D00038BD0020F8E72046F6E708B50246FEF73A
:10B5E000A9F870B1D0E904319B1A61EBE272B3F1B2
:10B5F000004F72F1000104DA002AACBF18460020A7
:10B6000008BD6FF00040FBE738B50246EFF3118547
:10B61000402383F31288BFF36F8F0368D3B1FEF723
:10B6200089F804461046FEF797F800224FF00043D1
:10B630008442C0E9042305D0002085F31188BFF3BC
:10B640006F8F38BDFEF77EF8FFF7C7FF0021FAF7CE
:10B6500095FDF1E7D0E90413B3F1004F08BF0129CC
:10B6600004D100204FF00041C2E904016FF0150041
:10B67000E3E708B5FEF778F908BDFEF775B920B124
:10B68000011F50F8040C00F00AB87047704710B45E
:10B6900000F10C04C0E9034410BCFEF7F1BC38B55E
:10B6A0000446EFF31185402383F31288BFF36F8FB5
:10B6B000FEF760FC04F10C00FFF725FF30B12946CE
:10B6C00004F11400BDE83840FFF702BF85F311888C
:10B6D000BFF36F8F38BD0A44914200F1FF3300D1B0
:10B6E000704710B511F8014B03F8014F9142F9D1A1
:10B6F00010BD02440346934200D1704703F8011B7A
:10B70000F9E710B501390244904201D1002005E06B
:10B71000037811F8014FA34201D0181B10BD01306E
:04B72000F2E700004C
:08B72400EE5CFF7F0100000054
:10B72C00453B000000000000E93A0000000000006A
:10B73C0000000000ACB700003D87000000000000D6
:10B74C00F59900000000000000000000C8B70000E0
:10B75C0000000000E4B7000001A900000000000098
:10B76C000BA9000000000000296000000000000090
:10B77C00C53A0000000000000000000000B8000006
:10B78C000FA9000000000000558C00000000000014
:10B79C00000000001CB80000693E00000000000022
:10B7AC0094BC00001CBB0000F4B90000F6010020A2
:10B7BC00D41A00202556000000000000BDBC00007B
:10B7CC0034BB0000D0B90000FA010020401B00205F
:10B7DC00755C000000000000CBBC000048BB000002
:10B7EC00D0B90000FC0100204C1B0020755C00004F
:10B7FC000000000010BC00006C03002008BB00001F
:10B80C00F401002014100020A7A400000000000088
:10B81C00A3BC000000000000B8B90000F801002033
:0CB82C0000000000E558000000000000D3
:10B838000FB000003BA90000000000002BA400008E
:10B84800000000002BA40000000000002BA4000052
:10B85800000000002BA40000000000002BA4000042
:10B8680038000020EFA70000000000002BA4000013
:10B87800000000002BA40000000000002BA4000022
:10B88800000000002BA40000000000002BA4000012
:10B89800000000002BA40000000000002BA4000002
:10B8A800000000002BA40000000000002BA40000F2
:10B8B800000000002BA4000000000000B960000098
:10B8C800000000002BA40000000000002BA40000D2
:10B8D800000000002BA40000000000002BA40000C2
:10B8E800000000002BA40000000000002BA40000B2
:10B8F800000000002BA40000000000002BA40000A2
:10B90800000000002BA40000000000002BA4000091
:10B91800000000002BA40000000000002BA4000081
:10B92800000000002BA40000000000002BA4000071
:10B93800000000002BA40000000000002BA4000061
:10B94800000000002BA40000000000002BA4000051
:10B95800000000002BA40000000000002BA4000041
:10B96800000000002BA40000114D00003BA90000BE
:10B97800000000002BA40000000000002BA4000021
:10B98800000000002BA40000000000002BA4000011
:10B99800000000002BA40000000000002BA4000001
:10B9A800000000002BA40000000000002BA40000F1
:10B9B8001BA70000195A000091590000DD5800002B
:08B9C800E7A60000CD580000C5
:10B9D000A55A000043A7000051A7000069A7000076
:10B9E00075A7000081A70000B15C00009BA70000C4
:04B9F0000000000053
:10B9F4007D56000053A60000B9A600000000000018
:0CBA0400F1A500000000000000000000A0
:10BA1000D8ECF0F4F8FC0002030405060708000067
:10BA20000000000000000000000000000000000016
:10BA300000000101010102020202030303030404E6
:10BA400004040505050506060608090000000000B7
:10BA500000000000000000000000000000000001E5
:10BA600001010102020202030303030404040405AA
:10BA700005050506060708090A0B0C0D0010020053
:10BA8000FA000000000000000000000000000000BC
:10BA90000338FDD870470000D116000039180000A7
:10BAA0000000000000000000051900009B9D000040
:10BAB00000000000FFA3000030000020280000204C
:10BAC0002000002000000000180000207930000055
:10BAD0006D2F0000C12F0000213000000000002069
:10BAE0000000000000000B0602000000F0BA000099
:10BAF000000000007ABC00002600020200000020C6
:10BB000082BC000022000B11000000000140000078
:10BB1000E1550000B1550000000000002D57000065
:10BB2000AD560000E3A60000DFA600000400000000
:10BB300000FF0000FFFF000000030050380000205D
:10BB40000000000001000000FFFFFFFF00000050A8
:10BB50003800002000000000000000000800000085
:10BB6000030000002CB7000034B7000074B70000D9
:10BB70007CB70000ACB70000ACB70000DEBC000032
:10BB80000001000000000000FF8FFFFFFF8FFFFF9C
:10BB9000FE8FFFFFFE8FFFFFFD8FFFFFFC8FFFFF7C
:10BBA000FC8FFFFF6D757465785F66726565206355
:10BBB000616C6C65642077697468204E554C4C202C
:10BBC000706172616D6574657200000043616E277B
:10BBD0007420696E697469616C697A65206D757429
:10BBE00065782C20776173204E554C4C0D0A00006F
:10BBF000436F756C64206E6F74206C6F636B207084
:10BC00006F7765722073617665206D757465780055
:10BC10004849445F300030313233343536373839B3
:10BC2000414243444546006D757465785F696E69AD
:10BC3000742063616C6C65642077697468204E556C
:10BC40004C4C20706172616D6574657200436F7554
:10BC50006C64206E6F7420616C6C6F63617465201E
:10BC60006D75746578206265666F726520696E69AE
:10BC70007469616C697A696E6700464C4153485F2C
:10BC800030005352414D5F3000757362645F776FCF
:10BC9000726B7100636C6F636B40343030303030E6
:10BCA000303000666C6173682D636F6E74726F6CF8
:10BCB0006C65724034303031653030300067706907
:10BCC0006F403530303030333030006770696F404E
:10BCD0003530303030303030006D61696E0073794E
:10BCE00073776F726B7100E7C2C3C4C5C6C7C8C2A1
:10BCF000C2C2C2E7E7E7E705010906A10185010520
:10BD00000719E029E71500250175019508810275DD
:10BD1000089501810305081901290575019505910B
:10BD20000275039501910305071900296515002582
:10BD300065750895068100C0050C0901A101850201
:10BD4000150026FF031A00002AFF037510950181D4
:10BD500000C00600FF0901A1018503150026FF00B0
:10BD60007508950819012908810219012908B102ED
:10BD7000C00601FF0901A1018504150026FF007519
:10BD800008950819012908B102C00100020306053F
:10BD90000001002030303030303030303030303042
:04BDA000303000013E
:10BDA4007811000001000000000000000102000002
:10BDB4005802030000200000300200203A00000076
:10BDC400440200203A0000001C0200203A00000057
:10BDD400580200203A00000000600040000000000B
:10BDE400000000000000000000000000000000004F
:10BDF400000000000000000000000000000000003F
:10BE0400000000000000000000000000000000002E
:10BE1400000000000000000000000000000000001E
:10BE2400000000000000000000000000000000000E
:10BE340000000000000000000000000000000000FE
:10BE440000000000000000000000000000000000EE
:10BE540000000000000000000000000000000000DE
:10BE64000000000000000000093C00008000000009
:10BE7400DD3B0000000000000100000000000000A5
:10BE840000000000000000000000000000000000AE
:10BE94000000000000A000400000000000000000BE
:10BEA40004000000000000000000000000A00040AA
:10BEB40000000000810000000400000000000000F9
:10BEC4000000000000A00040000000007C00000012
:10BED4000400000000000000E7E7E7E7C2C2C2C2B6
:10BEE400E7C2C3C4C5C6C7C80805FF0200000000F6
:10BEF40000A000400000000000000000000000005E
:10BF04000090D003FF000000900200006C010020AC
:10BF14006C01002000000000519A0000D0010020B4
:10BF2400C8010020C001002000000000B80100206A
:10BF34006D9B0000B99A0000ED9A0000359B00004B
:10BF4400A8010020B0010020CC1C00203A00003AD7
:10BF5400D01C00203A00003AD41C00203A00003AD9
:10BF6400D81C00203A00003ADC1C00203A00003AB9
:10BF7400E01C00203A00003AA0010020A4010020A7
:10BF8400E80100208C0100208401002080010020B1
:04BF94007C0100200C
:0CBF98000000000000000000000000009D
:10BFA4000002002000020020C04000200000000029
:0CBFB4002000000014000000000000004D
:10BFC0001C0200201C0200200000000000000000F5
:10BFD0000E000000300200203002002000000000AF
:10BFE000000000000E000000440200204402002077
:10BFF00000000000000000000E00000058020020B9
:10C000005802002000000000000000000E000000A8
:10C010006C0200206C020020000000000000000004
:04C020000E0000000E
:10C0240080020020800200200C000000800000003C
:10C03400C03A0020C0400020C03A0020C03A00208E
:08C044000000000000000000F4
:10C04C00A8020020A802002001000000010000004E
:10C05C00B8020020B802002001000000010000001E
:10C06C000000000000000000D0020020D0020020E0
:10C07C0012010002000000404F1B010004040102E9
:10C08C00030109020000000100C032090400000194
:10C09C0003010000092111010001220000070580A5
:10C0AC000310000107050003100001040309040E2E
:10C0BC00034D6F6E617264000000000000200341AC
:10C0CC0034544543482052656365697665720000B7
:10C0DC0000000000000000000000000000220330FF
:10C0EC0031323334353637383941424344454600D2
:10C0FC000000000000000000000000000000000034
:01C10C000032
:10C1100000000000F30200209FA40000553D000035
:10C12000AD3C000000000000353C000002000000B3
:04C13000C800002023
:04C1340015E015E01D
:040000030000348540
:00000001FF
